ucode,season,r2,delay,r2max,ar1,ar2
110001,2008,0.0870036,9,0.650618,0.00126134,0.0180443
110001,2009,-0.322138,-7,-0.180963,0.00373655,0.000891912
110001,2010,-0.641825,9,-0.405194,0.0131806,0.000498488
110001,2011,-0.146982,9,0.348942,0.00482912,0.00168362
110001,2012,-0.13337,9,0.327479,0.00157879,0.0295332
110001,2013,0.123948,8,0.637985,0.0132929,0.011513
110001,2014,-0.0410244,-10,0.401144,0.0049119,0.000649862
110001,done,0.0,0,0.0,,
110002,2008,0.848355,0,0.848355,0.00459914,0.0180443
110002,2009,0.530603,-5,0.749186,0.0139933,0.000891912
110002,2010,-0.165518,9,0.444965,0.00963281,0.000498488
110002,2011,0.104756,9,0.496152,0.00194387,0.00168362
110002,2012,0.109296,4,0.169884,0.000819434,0.0295332
110002,2013,0.656517,0,0.656517,0.00108622,0.011513
110002,2014,0.144315,7,0.363133,0.00260548,0.000649862
110002,done,0.0,0,0.0,,
110003,2008,0.392175,3,0.518055,0.00545964,0.0180443
110003,2009,0.477838,-3,0.527644,0.00224048,0.000891912
110003,2010,-0.0307456,9,0.470757,0.0137416,0.000498488
110003,2011,0.521252,3,0.550386,0.00305417,0.00168362
110003,2012,0.543202,0,0.543202,0.0084801,0.0295332
110003,2013,0.391957,5,0.588134,0.00985373,0.011513
110003,2014,-0.0402525,-7,0.389102,0.00124533,0.000649862
110003,done,0.0,0,0.0,,
110004,2008,0.288429,9,0.848741,0.0167384,0.0180443
110004,2009,-0.499112,-10,-0.150466,0.0112869,0.000891912
110004,2010,-0.635872,9,-0.130575,0.0260439,0.000498488
110004,2011,0.168277,7,0.592947,0.0022037,0.00168362
110004,2012,-0.0119817,8,0.419801,0.00155049,0.0295332
110004,2013,0.778009,4,0.877985,0.0082224,0.011513
110004,2014,-0.00723805,-10,0.522004,0.00235686,0.000649862
110004,done,0.0,0,0.0,,
110005,2008,0.848987,-1,0.856458,0.0165634,0.0180443
110005,2009,0.560216,-7,0.715192,0.0231621,0.000891912
110005,2010,-0.0322516,9,0.383359,0.0101071,0.000498488
110005,2011,0.260733,9,0.699257,0.0108625,0.00168362
110005,2012,0.289205,6,0.617859,0.0103845,0.0295332
110005,2013,0.597698,4,0.927915,0.0510504,0.011513
110005,2014,0.0687577,-9,0.215188,0.00199856,0.000649862
110005,done,0.0,0,0.0,,
110006,2008,0.221139,9,0.661831,0.00142732,0.0180443
110006,2009,0.173925,-7,0.746153,0.00942655,0.000891912
110006,2010,-0.0174214,8,0.417996,0.0205364,0.000498488
110006,2011,-0.175672,9,0.317904,0.0343549,0.00168362
110006,2012,0.525937,5,0.851036,0.0127121,0.0295332
110006,2013,0.387502,7,0.813249,0.0125586,0.011513
110006,2014,0.31277,2,0.500618,0.00563128,0.000649862
110006,done,0.0,0,0.0,,
110007,2008,-0.025559,8,0.709117,0.000204897,0.0180443
110007,2009,0.0,-10,0.0,0.0,0.000891912
110007,2010,0.131054,8,0.440687,0.00330579,0.000498488
110007,2011,0.159457,5,0.728106,0.00311994,0.00168362
110007,2012,0.43256,5,0.727277,0.00574443,0.0295332
110007,2013,0.713555,3,0.761087,0.00619743,0.011513
110007,2014,0.155439,4,0.420342,0.00190199,0.000649862
110007,done,0.0,0,0.0,,
110008,2008,0.0715279,-3,0.531868,0.00100193,0.0180443
110008,2009,0.100539,-7,0.714464,0.00207584,0.000891912
110008,2010,0.0453607,9,0.311977,0.0242873,0.000498488
110008,2011,0.253004,6,0.812247,0.0110541,0.00168362
110008,2012,0.435155,5,0.763386,0.00550331,0.0295332
110008,2013,0.386129,4,0.793128,0.00668643,0.011513
110008,2014,0.359136,7,0.392011,0.0201132,0.000649862
110008,done,0.0,0,0.0,,
110009,2008,0.856345,1,0.908913,0.00796729,0.0180443
110009,2009,-0.0620725,-10,0.508536,0.00661083,0.000891912
110009,2010,-0.369957,9,0.166091,0.032085,0.000498488
110009,2011,0.230046,5,0.439615,0.00355638,0.00168362
110009,2012,0.0812439,6,0.247376,0.000719449,0.0295332
110009,2013,0.543479,4,0.889262,0.0228398,0.011513
110009,2014,-0.092631,9,0.479133,0.00723937,0.000649862
110009,done,0.0,0,0.0,,
110010,2008,0.886173,-1,0.944643,0.0210651,0.0180443
110010,2009,0.694886,-1,0.745982,0.0204357,0.000891912
110010,2010,-0.317392,9,0.344614,0.034223,0.000498488
110010,2011,0.467362,8,0.707638,0.0153817,0.00168362
110010,2012,0.341434,6,0.467551,0.00454955,0.0295332
110010,2013,-0.178193,9,0.637698,0.0104893,0.011513
110010,2014,0.156491,-1,0.237832,0.0011904,0.000649862
110010,done,0.0,0,0.0,,
110011,2008,0.778082,0,0.778082,0.00389213,0.0180443
110011,2009,-0.0296325,-1,0.158896,0.00174258,0.000891912
110011,2010,-0.565693,9,-0.151734,0.0629368,0.000498488
110011,2011,0.482672,0,0.482672,0.000674595,0.00168362
110011,2012,0.565292,2,0.61839,0.00260794,0.0295332
110011,2013,0.0975,8,0.705432,0.00555785,0.011513
110011,2014,-0.0745294,-10,0.428691,0.00154485,0.000649862
110011,done,0.0,0,0.0,,
110012,2008,0.834602,1,0.897647,0.00307117,0.0180443
110012,2009,0.322316,-5,0.49182,0.00438699,0.000891912
110012,2010,-0.382293,9,0.199374,0.0174038,0.000498488
110012,2011,-0.0919896,9,0.657303,0.00074129,0.00168362
110012,2012,-0.0494481,9,0.27767,0.0010585,0.0295332
110012,2013,-0.0342706,9,0.631781,0.00189024,0.011513
110012,2014,0.290929,7,0.365241,0.00304854,0.000649862
110012,done,0.0,0,0.0,,
110013,2008,0.62766,-2,0.695509,0.0107096,0.0180443
110013,2009,0.252439,-5,0.333472,0.00928858,0.000891912
110013,2010,-0.233544,9,0.202582,0.0468048,0.000498488
110013,2011,-0.270988,9,0.166749,0.0109821,0.00168362
110013,2012,-0.0620239,9,0.121241,0.00225288,0.0295332
110013,2013,0.680617,0,0.680617,0.00572503,0.011513
110013,2014,0.124258,6,0.501728,0.00862353,0.000649862
110013,done,0.0,0,0.0,,
110014,2008,0.103602,5,0.652293,0.00487169,0.0180443
110014,2009,0.152264,-10,0.677904,0.00881456,0.000891912
110014,2010,-0.13844,9,0.4875,0.0605718,0.000498488
110014,2011,0.580482,4,0.823844,0.0232874,0.00168362
110014,2012,0.723457,2,0.788318,0.00779247,0.0295332
110014,2013,0.666085,4,0.808536,0.0205815,0.011513
110014,2014,0.0820014,-10,0.393255,0.0188741,0.000649862
110014,done,0.0,0,0.0,,
110015,2008,0.79932,0,0.79932,0.00312315,0.0180443
110015,2009,0.211078,-7,0.761708,0.00996596,0.000891912
110015,2010,-0.435874,9,0.0708956,0.01887,0.000498488
110015,2011,-0.0541282,9,-0.0511386,0.00267897,0.00168362
110015,2012,0.481164,0,0.481164,0.000586948,0.0295332
110015,2013,0.573083,3,0.661379,0.00364099,0.011513
110015,2014,-0.0122659,-8,0.309937,0.00194951,0.000649862
110015,done,0.0,0,0.0,,
110018,2008,0.0154558,9,0.585841,0.0197024,0.0180443
110018,2009,0.334599,-6,0.57009,0.0109169,0.000891912
110018,2010,-0.422802,9,0.197145,0.0807145,0.000498488
110018,2011,0.273164,3,0.312322,0.00353139,0.00168362
110018,2012,-0.0600989,9,0.621661,0.00260729,0.0295332
110018,2013,0.155926,9,0.841117,0.0145104,0.011513
110018,2014,0.171406,7,0.389333,0.00625839,0.000649862
110018,done,0.0,0,0.0,,
110020,2008,0.425051,9,0.748439,0.00542478,0.0180443
110020,2009,0.300122,-1,0.389142,0.0012486,0.000891912
110020,2010,-0.343204,9,0.222842,0.0224905,0.000498488
110020,2011,-0.176434,9,0.179699,0.00208155,0.00168362
110020,2012,0.408324,5,0.606791,0.000551162,0.0295332
110020,2013,0.237638,8,0.817855,0.00332583,0.011513
110020,2014,0.0977216,-9,0.340341,0.00146757,0.000649862
110020,done,0.0,0,0.0,,
110025,2008,0.629096,4,0.708448,0.0165968,0.0180443
110025,2009,0.1579,-9,0.684482,0.0070607,0.000891912
110025,2010,-0.237644,9,0.244135,0.0505795,0.000498488
110025,2011,0.57516,4,0.701966,0.00613413,0.00168362
110025,2012,-0.0780993,9,0.331011,0.0011516,0.0295332
110025,2013,0.754039,2,0.883723,0.0113394,0.011513
110025,2014,0.063608,-5,0.380412,0.0105781,0.000649862
110025,done,0.0,0,0.0,,
110026,2008,0.0,-10,0.0,0.0,0.0180443
110026,2009,0.10902,-8,0.649114,0.0148936,0.000891912
110026,2010,0.261661,9,0.536259,0.0194529,0.000498488
110026,2011,0.380248,4,0.59333,0.0113602,0.00168362
110026,2012,-0.0415899,8,0.194192,0.000592768,0.0295332
110026,2013,0.201526,5,0.296331,0.000818331,0.011513
110026,2014,0.0,-10,0.0,0.0,0.000649862
110026,done,0.0,0,0.0,,
110028,2008,0.389379,5,0.756854,0.00244781,0.0180443
110028,2009,0.173387,-6,0.707338,0.00596051,0.000891912
110028,2010,-0.40709,9,0.142598,0.0360997,0.000498488
110028,2011,-0.189989,9,0.275314,0.00491169,0.00168362
110028,2012,0.172493,-7,0.29297,0.000899456,0.0295332
110028,2013,0.0803754,9,0.910648,0.0074426,0.011513
110028,2014,0.0941022,7,0.296433,0.00164854,0.000649862
110028,done,0.0,0,0.0,,
110029,2008,0.776667,1,0.86075,0.00585407,0.0180443
110029,2009,0.0413137,-6,0.552881,0.00235344,0.000891912
110029,2010,-0.417831,8,-0.0163389,0.0220368,0.000498488
110029,2011,0.55214,2,0.682822,0.00322692,0.00168362
110029,2012,-0.107714,-10,0.0,0.00023596,0.0295332
110029,2013,0.237078,8,0.690691,0.0151907,0.011513
110029,2014,0.00845538,-4,0.459019,0.00379049,0.000649862
110029,done,0.0,0,0.0,,
110030,2008,0.76951,0,0.76951,0.00793802,0.0180443
110030,2009,0.54581,-6,0.831248,0.020525,0.000891912
110030,2010,0.0406311,9,0.647674,0.0235308,0.000498488
110030,2011,0.454587,7,0.829832,0.00341301,0.00168362
110030,2012,0.464248,-4,0.571727,0.0183757,0.0295332
110030,2013,0.558595,6,0.905841,0.0166767,0.011513
110030,2014,0.0830634,-9,0.301953,0.00188202,0.000649862
110030,done,0.0,0,0.0,,
110032,2008,0.701363,-1,0.741364,0.00137439,0.0180443
110032,2009,0.220186,-6,0.813808,0.0192233,0.000891912
110032,2010,-0.0425876,9,0.323765,0.0193957,0.000498488
110032,2011,-0.0200635,9,0.169262,0.0028339,0.00168362
110032,2012,-0.194257,9,0.482332,0.00944042,0.0295332
110032,2013,-0.0210709,9,0.785042,0.0134359,0.011513
110032,2014,0.184509,-9,0.401787,0.000924253,0.000649862
110032,done,0.0,0,0.0,,
110033,2008,0.194892,-2,0.323929,0.000646651,0.0180443
110033,2009,0.0345846,-7,0.60093,0.00277566,0.000891912
110033,2010,-0.196993,8,0.268486,0.00698393,0.000498488
110033,2011,-0.0501818,-9,0.520107,0.000345692,0.00168362
110033,2012,-0.145305,2,-0.141156,8.43206e-05,0.0295332
110033,2013,0.209621,-6,0.716142,0.00320281,0.011513
110033,2014,0.016136,9,0.447762,0.00219127,0.000649862
110033,done,0.0,0,0.0,,
110034,2008,0.764504,0,0.764504,0.0111706,0.0180443
110034,2009,0.718758,0,0.718758,0.0161149,0.000891912
110034,2010,-0.220264,9,0.237872,0.0174578,0.000498488
110034,2011,0.21507,9,0.717946,0.0198508,0.00168362
110034,2012,-0.260275,-10,0.0299208,0.00487686,0.0295332
110034,2013,0.22423,8,0.849726,0.0348296,0.011513
110034,2014,0.0520386,9,0.148817,0.00249594,0.000649862
110034,done,0.0,0,0.0,,
110037,2008,0.573287,-1,0.631026,0.00326032,0.0180443
110037,2009,-0.0297488,-9,0.675356,0.0115368,0.000891912
110037,2010,-0.4977,9,-0.147027,0.0111158,0.000498488
110037,2011,0.375038,1,0.382792,0.00374298,0.00168362
110037,2012,-0.208407,9,0.262167,0.00249357,0.0295332
110037,2013,0.381341,6,0.83874,0.0183699,0.011513
110037,2014,0.0153493,8,0.356974,0.00172861,0.000649862
110037,done,0.0,0,0.0,,
110040,2008,0.626181,-1,0.656085,0.0010484,0.0180443
110040,2009,0.262282,-5,0.592135,0.00176447,0.000891912
110040,2010,0.160775,7,0.535004,0.00261825,0.000498488
110040,2011,0.716964,-1,0.741708,0.0119246,0.00168362
110040,2012,0.274064,-4,0.630706,0.00445271,0.0295332
110040,2013,0.12314,-7,0.385943,0.00565291,0.011513
110040,2014,0.205495,8,0.528669,0.00322564,0.000649862
110040,done,0.0,0,0.0,,
110045,2008,0.605751,0,0.605751,0.000324685,0.0180443
110045,2009,0.362823,-4,0.637759,0.00311302,0.000891912
110045,2010,-0.48491,9,0.173285,0.0528349,0.000498488
110045,2011,0.602672,3,0.727981,0.0110949,0.00168362
110045,2012,0.401904,3,0.554706,0.00574902,0.0295332
110045,2013,0.548498,-3,0.610226,0.0125564,0.011513
110045,2014,0.388264,-1,0.420655,0.0139221,0.000649862
110045,done,0.0,0,0.0,,
110050,2009,-0.119921,7,0.621118,0.00534979,0.000891912
110050,2010,-0.128149,9,0.219647,0.0342593,0.000498488
110050,2011,-0.163053,9,0.320301,0.0263784,0.00168362
110050,2012,0.0760287,6,0.214415,0.00100675,0.0295332
110050,2013,0.349171,8,0.757188,0.00893961,0.011513
110050,2014,0.0209436,-10,0.258311,0.00230925,0.000649862
110050,done,0.0,0,0.0,,
110060,2009,0.250862,-5,0.705101,0.00400976,0.000891912
110060,2010,-0.197628,9,0.0407716,0.00122036,0.000498488
110060,2011,0.253131,1,0.338055,0.000520472,0.00168362
110060,2012,-0.102217,9,-0.0744318,0.000172682,0.0295332
110060,2013,0.0708481,-3,0.372253,0.000319081,0.011513
110060,2014,0.00607329,-7,0.114129,0.000949668,0.000649862
110060,done,0.0,0,0.0,,
110070,2010,-0.459709,9,-0.0752361,0.00665892,0.000498488
110070,2011,0.49571,5,0.726153,0.00493847,0.00168362
110070,2012,-0.09044,8,0.0431524,0.000622713,0.0295332
110070,2013,0.47355,4,0.479294,0.00502188,0.011513
110070,2014,0.32017,-2,0.378011,0.00369292,0.000649862
110070,done,0.0,0,0.0,,
110080,2008,0.708835,-1,0.718729,0.00641512,0.0180443
110080,2009,0.386515,0,0.386515,0.0016527,0.000891912
110080,2010,-0.175879,9,0.298476,0.010942,0.000498488
110080,2011,-0.00242396,9,0.211331,0.00118279,0.00168362
110080,2012,-0.0353484,9,0.394101,0.000288642,0.0295332
110080,2013,0.218787,6,0.782362,0.00156706,0.011513
110080,2014,0.244593,-6,0.384655,0.000678743,0.000649862
110080,done,0.0,0,0.0,,
110090,2008,0.544055,7,0.702671,0.000802783,0.0180443
110090,2009,0.129103,-7,0.429287,0.0027137,0.000891912
110090,2010,0.0,-10,0.0,0.0,0.000498488
110090,2011,0.0,-10,0.0,0.0,0.00168362
110090,2012,-0.0952775,-10,0.448786,0.000574878,0.0295332
110090,2013,0.4414,4,0.741457,0.00487937,0.011513
110090,2014,-0.110436,-7,0.686589,0.000273748,0.000649862
110090,done,0.0,0,0.0,,
110092,2008,0.539284,-3,0.833426,0.00641949,0.0180443
110092,2009,0.412524,-10,0.634783,0.0173403,0.000891912
110092,2010,-0.125231,7,0.171677,0.00408007,0.000498488
110092,2011,0.215382,3,0.430386,0.000822175,0.00168362
110092,2012,-0.0715266,-7,0.172095,0.00355464,0.0295332
110092,2013,0.0171188,8,0.614601,0.00913242,0.011513
110092,2014,0.0316374,-8,0.259866,0.001416,0.000649862
110092,done,0.0,0,0.0,,
110094,2010,-0.68087,9,-0.208144,0.00846262,0.000498488
110094,2011,-0.128763,-6,0.00328441,0.00114672,0.00168362
110094,2012,-0.00857081,9,0.385357,0.00162206,0.0295332
110094,2013,0.0501735,7,0.466211,0.000309119,0.011513
110094,2014,-0.210744,-10,0.999947,9.89903e-05,0.000649862
110094,done,0.0,0,0.0,,
110100,2008,0.301467,-4,0.553148,0.00042398,0.0180443
110100,2009,0.463128,0,0.463128,0.000776331,0.000891912
110100,2010,-0.471241,9,-0.0694359,0.0186319,0.000498488
110100,2011,-0.0989966,6,0.190799,0.00107087,0.00168362
110100,2012,-0.117248,-10,0.156763,0.000498008,0.0295332
110100,2013,0.695628,-1,0.768569,0.00351244,0.011513
110100,2014,-0.21432,-9,0.53207,0.00271134,0.000649862
110100,done,0.0,0,0.0,,
110110,2008,0.111218,-3,0.528381,0.000123305,0.0180443
110110,2009,0.0370427,-1,0.36282,0.00255009,0.000891912
110110,2010,0.108999,9,0.574375,0.0517304,0.000498488
110110,2011,0.336465,0,0.336465,0.0108046,0.00168362
110110,2012,0.1658,-3,0.225145,0.00362401,0.0295332
110110,2013,0.071667,6,0.687807,0.0116965,0.011513
110110,2014,0.130119,9,0.452983,0.0026447,0.000649862
110110,done,0.0,0,0.0,,
110120,2008,-0.0798776,9,0.695489,0.00187741,0.0180443
110120,2009,0.0,-1,0.0,0.0,0.000891912
110120,2010,-0.386726,9,0.0426898,0.0148505,0.000498488
110120,2011,0.105227,-5,0.228299,0.000194628,0.00168362
110120,2012,0.0775899,7,0.369851,9.80104e-05,0.0295332
110120,2013,0.313951,6,0.745701,0.0105514,0.011513
110120,2014,-0.0470499,5,0.319609,0.000736648,0.000649862
110120,done,0.0,0,0.0,,
110130,2009,0.0775802,-7,0.515694,0.0126992,0.000891912
110130,2010,-0.377424,9,-0.081094,0.0284721,0.000498488
110130,2011,-0.19558,9,-0.0727683,0.00976231,0.00168362
110130,2012,-0.0181382,9,0.494977,0.000599007,0.0295332
110130,2013,0.465551,5,0.768972,0.0158794,0.011513
110130,2014,0.332478,9,0.390937,0.00153053,0.000649862
110130,done,0.0,0,0.0,,
110140,2008,0.0,-10,0.0,0.0,0.0180443
110140,2009,0.227339,-5,0.606528,0.00204596,0.000891912
110140,2010,-0.123786,9,0.353793,0.0229777,0.000498488
110140,2011,-0.190589,9,0.383833,0.0223192,0.00168362
110140,2012,-0.0613449,9,0.215606,0.000558932,0.0295332
110140,2013,0.315765,6,0.59323,0.00456856,0.011513
110140,2014,-0.075096,-4,0.48857,0.00101846,0.000649862
110140,done,0.0,0,0.0,,
110143,2009,0.3702,-1,0.395357,0.00327291,0.000891912
110143,2010,-0.45551,9,-0.173574,0.0460725,0.000498488
110143,2011,0.161931,0,0.161931,0.0114309,0.00168362
110143,2012,0.388665,1,0.394903,0.00216743,0.0295332
110143,2013,0.269109,5,0.632795,0.00431308,0.011513
110143,2014,0.0472457,7,0.395188,0.00432956,0.000649862
110143,done,0.0,0,0.0,,
110145,2008,0.709445,0,0.709445,0.00255537,0.0180443
110145,2009,0.0,-10,0.0,0.0,0.000891912
110145,2010,-0.0675753,9,0.122019,0.00166597,0.000498488
110145,2011,-0.00594638,9,0.288421,0.00244848,0.00168362
110145,2012,0.227185,5,0.632871,0.00521042,0.0295332
110145,2013,0.354724,6,0.849586,0.010042,0.011513
110145,2014,0.133287,-3,0.215123,0.00125246,0.000649862
110145,done,0.0,0,0.0,,
110146,2010,-0.289215,6,-0.168767,0.000414079,0.000498488
110146,2011,0.165062,6,0.696844,0.00173989,0.00168362
110146,2012,0.0,-10,0.0,0.0,0.0295332
110146,2013,0.248244,9,0.764393,0.0352459,0.011513
110146,2014,-0.21066,-9,1.0,0.000411184,0.000649862
110146,done,0.0,0,0.0,,
110147,2008,0.14896,9,0.457053,0.0102121,0.0180443
110147,2009,0.580183,-1,0.591324,0.00504648,0.000891912
110147,2010,-0.0241759,9,0.380232,0.012749,0.000498488
110147,2011,0.0169892,9,0.250068,0.00663972,0.00168362
110147,2012,0.0865632,9,0.175182,0.0011744,0.0295332
110147,2013,0.323206,7,0.648917,0.0111204,0.011513
110147,2014,0.0520632,8,0.29597,0.00450958,0.000649862
110147,done,0.0,0,0.0,,
110148,2008,-0.0858538,9,0.696131,0.00771962,0.0180443
110148,2009,-0.210685,8,-0.134222,0.00389894,0.000891912
110148,2010,-0.240778,9,0.0634227,0.0254211,0.000498488
110148,2011,-0.0426939,7,0.21995,0.00437858,0.00168362
110148,2012,-0.02128,9,0.592688,0.0139884,0.0295332
110148,2013,-0.149534,9,0.47224,0.0276572,0.011513
110148,2014,0.0486228,-2,0.41314,0.013961,0.000649862
110148,done,0.0,0,0.0,,
110149,2008,0.299314,9,0.534145,0.00490958,0.0180443
110149,2009,0.279203,-5,0.459509,0.00406282,0.000891912
110149,2010,-0.108912,8,0.337589,0.0206779,0.000498488
110149,2011,0.118378,9,0.702201,0.0127295,0.00168362
110149,2012,0.0464837,9,0.322607,0.00390719,0.0295332
110149,2013,0.275644,8,0.813552,0.0218451,0.011513
110149,2014,0.246988,9,0.442506,0.0056867,0.000649862
110149,done,0.0,0,0.0,,
110150,2008,0.791811,0,0.791811,0.00909993,0.0180443
110150,2009,0.702624,0,0.702624,0.0136998,0.000891912
110150,2010,-0.10259,9,0.226474,0.00792275,0.000498488
110150,2011,0.545127,2,0.555695,0.00395733,0.00168362
110150,2012,0.278137,6,0.753928,0.00456149,0.0295332
110150,2013,0.288755,6,0.79508,0.0251899,0.011513
110150,2014,0.199206,-6,0.389262,0.00446464,0.000649862
110150,done,0.0,0,0.0,,
110155,2008,0.302388,-3,0.60829,0.00374753,0.0180443
110155,2009,0.621173,-2,0.732119,0.0365269,0.000891912
110155,2010,-0.261801,9,0.239211,0.0307385,0.000498488
110155,2011,-0.17287,9,-0.0018042,0.00558775,0.00168362
110155,2012,0.0,-2,0.0,0.0,0.0295332
110155,2013,0.494745,6,0.71761,0.00925197,0.011513
110155,done,0.0,0,0.0,,
110160,2009,0.66922,4,0.844792,0.000871671,0.000891912
110160,2010,-0.430393,9,0.0353765,0.00619855,0.000498488
110160,2011,-0.0695593,6,0.105429,0.000282725,0.00168362
110160,2012,0.0776593,7,0.369734,9.45626e-05,0.0295332
110160,2013,0.196888,8,0.42442,0.00123424,0.011513
110160,2014,0.146065,-1,0.231682,0.000352578,0.000649862
110160,done,0.0,0,0.0,,
110170,2008,0.791916,0,0.791916,0.00565832,0.0180443
110170,2009,0.466394,-5,0.670433,0.0143474,0.000891912
110170,2010,-0.152383,9,0.113838,0.0183735,0.000498488
110170,2011,0.338867,6,0.755338,0.0126286,0.00168362
110170,2012,0.125312,9,0.406688,0.00133995,0.0295332
110170,2013,-0.0766988,9,0.653877,0.00837595,0.011513
110170,2014,0.0,-10,0.0,0.0,0.000649862
110170,done,0.0,0,0.0,,
110175,2008,0.784234,0,0.784234,0.00133615,0.0180443
110175,2009,-0.0229569,-6,0.17815,0.00285714,0.000891912
110175,2010,-0.493811,9,-0.217971,0.0162637,0.000498488
110175,2011,0.127314,5,0.506522,0.000315457,0.00168362
110175,2012,0.0,-10,0.0,0.0,0.0295332
110175,2013,-0.00181679,9,0.750427,0.00361285,0.011513
110175,2014,-0.218342,-8,0.711038,0.00234039,0.000649862
110175,done,0.0,0,0.0,,
110180,2008,0.542421,3,0.795378,0.00577265,0.0180443
110180,2009,0.30611,-9,0.602469,0.0025805,0.000891912
110180,2010,-0.446009,9,-0.0541411,0.00482441,0.000498488
110180,2011,0.0,-2,0.0,0.0,0.00168362
110180,2012,-0.00683917,6,0.221088,0.000502449,0.0295332
110180,2013,0.00985127,8,0.530021,0.000237389,0.011513
110180,done,0.0,0,0.0,,
120001,2008,0.703328,0,0.703328,0.00392091,0.0180443
120001,2009,0.633654,1,0.720482,0.00302263,0.000891912
120001,2010,0.0112078,9,0.422508,0.0312883,0.000498488
120001,2011,-0.279971,9,0.433062,0.0347472,0.00168362
120001,2012,0.164687,9,0.721799,0.00453462,0.0295332
120001,2013,0.646594,5,0.935423,0.0435108,0.011513
120001,2014,0.244337,5,0.405405,0.00168956,0.000649862
120001,done,0.0,0,0.0,,
120005,2009,0.576882,2,0.679471,0.0132462,0.000891912
120005,2010,0.292597,9,0.663743,0.057047,0.000498488
120005,2011,0.145758,7,0.261359,0.0302003,0.00168362
120005,2012,-0.0783069,9,0.0845071,0.00967026,0.0295332
120005,2013,0.123643,8,0.770961,0.028858,0.011513
120005,2014,0.0697302,-5,0.405534,0.00408472,0.000649862
120005,done,0.0,0,0.0,,
120010,2008,0.367405,-2,0.615935,0.00655605,0.0180443
120010,2009,0.162176,-8,0.480924,0.0335507,0.000891912
120010,2010,-0.543331,9,0.11882,0.0810357,0.000498488
120010,2011,0.440081,6,0.777195,0.0188213,0.00168362
120010,2012,0.30325,8,0.812995,0.0124882,0.0295332
120010,2013,-0.210753,9,0.528052,0.0576008,0.011513
120010,2014,0.237069,5,0.310391,0.00615964,0.000649862
120010,done,0.0,0,0.0,,
120013,2009,0.204962,8,1.0,0.000147667,0.000891912
120013,2010,-0.0706132,9,0.245346,0.00118133,0.000498488
120013,2011,0.041636,9,0.242916,0.000463553,0.00168362
120013,2012,0.28867,7,0.349217,0.000683216,0.0295332
120013,2013,0.269733,7,0.320809,0.00133289,0.011513
120013,2014,0.212916,-9,0.308612,0.000545078,0.000649862
120013,done,0.0,0,0.0,,
120017,2008,0.522945,6,0.776607,0.000337192,0.0180443
120017,2009,0.450606,-4,0.758364,0.00839884,0.000891912
120017,2010,-0.233116,9,0.37256,0.0199203,0.000498488
120017,2011,0.812951,2,0.847431,0.0337845,0.00168362
120017,2012,0.269098,9,0.301298,0.00288215,0.0295332
120017,2013,0.333682,7,0.532806,0.00843839,0.011513
120017,2014,-0.00333107,9,0.409681,0.00884956,0.000649862
120017,done,0.0,0,0.0,,
120020,2009,0.490865,-3,0.53382,0.00038959,0.000891912
120020,2010,-0.027213,8,0.383435,0.000740221,0.000498488
120020,2011,0.271213,9,0.795004,0.00180617,0.00168362
120020,2012,-0.000366181,9,0.434879,0.000400907,0.0295332
120020,2013,0.233369,7,0.66608,0.000472772,0.011513
120020,2014,-0.467625,-10,-0.124765,0.0357244,0.000649862
120020,done,0.0,0,0.0,,
120025,2008,0.523346,0,0.523346,0.00809456,0.0180443
120025,2009,0.715849,0,0.715849,0.0128656,0.000891912
120025,2010,-0.426814,9,-0.0543665,0.0175056,0.000498488
120025,2011,0.158244,6,0.556449,0.00253345,0.00168362
120025,2012,-0.0333939,-3,0.0819134,0.000956694,0.0295332
120025,2013,0.00879487,6,0.295917,0.00962793,0.011513
120025,2014,0.226783,-6,0.306812,0.0004873,0.000649862
120025,done,0.0,0,0.0,,
120030,2008,0.0,-10,0.0,0.0,0.0180443
120030,2009,0.299921,-1,0.565074,0.000154986,0.000891912
120030,2010,0.0,-10,0.0,0.0,0.000498488
120030,2011,0.582971,2,0.794342,0.00701819,0.00168362
120030,2012,-0.127661,9,0.258855,0.000952088,0.0295332
120030,2013,-0.13469,9,0.223269,0.000339391,0.011513
120030,2014,0.0321938,-2,0.285851,3.08661e-05,0.000649862
120030,done,0.0,0,0.0,,
120032,2010,-0.359136,-10,-0.156364,0.000153374,0.000498488
120032,2011,-0.0964271,-10,0.0,0.000148368,0.00168362
120032,2012,0.0,-10,0.0,0.0,0.0295332
120032,2013,0.0,-10,0.0,0.0,0.011513
120032,done,0.0,0,0.0,,
120033,2008,0.0,-10,0.0,0.0,0.0180443
120033,2009,0.0,-10,0.0,0.0,0.000891912
120033,2010,0.0510703,7,0.231822,6.76865e-05,0.000498488
120033,2011,-0.00908668,7,0.385274,0.000192889,0.00168362
120033,2012,0.0,-10,0.0,0.0,0.0295332
120033,2013,0.0,-10,0.0,0.0,0.011513
120033,2014,0.00539505,-8,0.35384,0.000357249,0.000649862
120033,done,0.0,0,0.0,,
120034,2013,0.760806,7,0.999367,0.000119246,0.011513
120034,2014,0.173238,4,0.238533,0.000587268,0.000649862
120034,done,0.0,0,0.0,,
120035,2012,0.0,-10,0.0,0.0,0.0295332
120035,done,0.0,0,0.0,,
120038,2008,0.166876,-8,0.264292,0.000502204,0.0180443
120038,2009,0.426492,3,0.539657,0.000822594,0.000891912
120038,2010,0.204129,7,0.498621,0.00148067,0.000498488
120038,2011,0.0184802,8,0.582745,0.00212631,0.00168362
120038,2012,0.541023,4,0.69229,0.000568602,0.0295332
120038,2013,0.0564195,9,0.601049,0.038494,0.011513
120038,2014,0.0188936,-7,0.148,0.00700818,0.000649862
120038,done,0.0,0,0.0,,
120039,done,0.0,0,0.0,,
120040,2008,0.920285,-1,0.941635,0.00754816,0.0180443
120040,2009,0.701721,-2,0.774459,0.0636207,0.000891912
120040,2010,0.212572,9,0.683475,0.0943573,0.000498488
120040,2011,0.0424551,9,0.838038,0.106714,0.00168362
120040,2012,0.177004,9,0.972996,0.0157598,0.0295332
120040,2013,0.260893,9,0.895007,0.0199919,0.011513
120040,2014,0.255975,-9,0.411314,0.0116891,0.000649862
120040,done,0.0,0,0.0,,
120042,2012,0.0,-10,0.0,0.0,0.0295332
120042,2013,-0.0203867,8,0.524826,0.000125251,0.011513
120042,2014,-0.017959,-7,0.122253,0.00109256,0.000649862
120042,done,0.0,0,0.0,,
120043,2009,0.597365,8,0.688442,0.00137678,0.000891912
120043,2010,0.0,-10,0.0,0.0,0.000498488
120043,2011,0.0363258,5,0.409139,0.00020496,0.00168362
120043,2012,0.0,-10,0.0,0.0,0.0295332
120043,2013,0.0,-10,0.0,0.0,0.011513
120043,done,0.0,0,0.0,,
120045,2008,0.658237,1,0.777095,0.00292218,0.0180443
120045,2009,0.731499,0,0.731499,0.0132,0.000891912
120045,2010,0.114032,9,0.533226,0.00984922,0.000498488
120045,2011,0.0039382,9,0.750564,0.0404199,0.00168362
120045,2012,0.242053,2,0.280273,0.00558578,0.0295332
120045,2013,-0.00934309,9,0.684786,0.0180297,0.011513
120045,2014,0.102869,-6,0.4157,0.00528773,0.000649862
120045,done,0.0,0,0.0,,
120050,2008,0.423139,4,0.496137,0.00143484,0.0180443
120050,2009,0.612696,2,0.617076,0.00882044,0.000891912
120050,2010,0.0238386,9,0.631731,0.013438,0.000498488
120050,2011,0.357926,6,0.524299,0.00979126,0.00168362
120050,2012,-0.0543753,8,0.478802,0.000889092,0.0295332
120050,2013,0.430966,3,0.584723,0.00513507,0.011513
120050,2014,0.00368533,-9,0.441701,0.00721318,0.000649862
120050,done,0.0,0,0.0,,
120060,2008,0.0687263,-7,0.529204,5.99377e-05,0.0180443
120060,2009,0.104502,-6,0.555477,0.00017708,0.000891912
120060,2010,0.0,-10,0.0,0.0,0.000498488
120060,2011,0.61923,0,0.61923,0.00016581,0.00168362
120060,2012,-0.126602,8,0.104443,0.000108805,0.0295332
120060,2013,0.554859,5,0.699979,0.00042586,0.011513
120060,done,0.0,0,0.0,,
120070,2008,0.456102,1,0.506242,0.00134698,0.0180443
120070,2009,0.55477,-1,0.687024,0.00769282,0.000891912
120070,2010,-0.216607,9,0.389169,0.0340208,0.000498488
120070,2011,0.536757,5,0.772731,0.0186939,0.00168362
120070,2012,-0.00492767,8,0.524765,0.00751247,0.0295332
120070,2013,0.667263,1,0.682056,0.0200341,0.011513
120070,2014,0.119902,8,0.599084,0.00323382,0.000649862
120070,done,0.0,0,0.0,,
120080,2008,0.0,-10,0.0,0.0,0.0180443
120080,2009,0.585607,-2,0.690917,0.00749217,0.000891912
120080,2010,0.107485,8,0.375079,0.00735595,0.000498488
120080,2011,-0.169914,9,0.592976,0.00499606,0.00168362
120080,2012,0.0904135,7,0.431078,0.000836874,0.0295332
120080,2013,0.767728,0,0.767728,0.00243309,0.011513
120080,2014,0.245047,0,0.245047,0.000365943,0.000649862
120080,done,0.0,0,0.0,,
130002,2008,-0.0349247,6,0.658873,0.000223131,0.0180443
130002,2009,0.0,-10,0.0,0.0,0.000891912
130002,2010,0.201122,0,0.201122,0.000368568,0.000498488
130002,2011,-0.0931301,9,0.612158,0.00273934,0.00168362
130002,2012,0.0,-10,0.0,0.0,0.0295332
130002,2013,0.0,-10,0.0,0.0,0.011513
130002,2014,0.0339117,-5,0.406978,0.00110699,0.000649862
130002,done,0.0,0,0.0,,
130006,2013,0.0,-10,0.0,0.0,0.011513
130006,done,0.0,0,0.0,,
130008,2008,0.633237,9,0.857798,0.000235766,0.0180443
130008,2009,0.0,-10,0.0,0.0,0.000891912
130008,2010,0.0,-10,0.0,0.0,0.000498488
130008,2011,0.05112,8,0.590569,0.00171527,0.00168362
130008,2012,0.0,-10,0.0,0.0,0.0295332
130008,2013,0.0,-10,0.0,0.0,0.011513
130008,done,0.0,0,0.0,,
130010,2010,0.130157,5,1.0,0.000204248,0.000498488
130010,2011,0.163563,9,0.697671,0.00143704,0.00168362
130010,2012,-0.0661484,9,0.148512,5.85754e-05,0.0295332
130010,2013,-0.070543,6,0.027998,0.000272465,0.011513
130010,2014,0.168962,-9,0.350168,0.00451503,0.000649862
130010,done,0.0,0,0.0,,
130014,2008,0.0,-10,0.0,0.0,0.0180443
130014,2009,0.402751,0,0.402751,0.000430177,0.000891912
130014,2010,0.0845014,9,0.29147,0.000537721,0.000498488
130014,2011,0.418813,1,0.443188,0.00125512,0.00168362
130014,2012,0.0,-10,0.0,0.0,0.0295332
130014,2013,0.239206,-5,0.451462,0.00020141,0.011513
130014,2014,-0.286198,-8,0.0298152,0.000296179,0.000649862
130014,done,0.0,0,0.0,,
130020,2014,0.0,-10,0.0,0.0,0.000649862
130020,done,0.0,0,0.0,,
130030,2008,0.337529,-6,0.529204,3.21471e-05,0.0180443
130030,2009,0.0,-10,0.0,0.0,0.000891912
130030,2010,0.323648,4,0.323648,9.44168e-05,0.000498488
130030,2011,0.0139604,9,0.640883,0.000916506,0.00168362
130030,2012,0.0,-10,0.0,0.0,0.0295332
130030,2013,0.0,-10,0.0,0.0,0.011513
130030,done,0.0,0,0.0,,
130040,2008,-0.377047,9,0.587248,0.00284383,0.0180443
130040,2009,0.346381,1,0.488552,0.0128296,0.000891912
130040,2010,0.28358,-10,0.442885,0.00169225,0.000498488
130040,2011,-0.300872,9,0.0714779,0.0206696,0.00168362
130040,2012,0.226377,-4,0.333913,0.00281332,0.0295332
130040,2013,0.080152,-7,0.603816,0.0011066,0.011513
130040,2014,-0.145567,-7,1.0,0.000183332,0.000649862
130040,done,0.0,0,0.0,,
130050,2008,-0.119157,-10,0.387305,3.61481e-05,0.0180443
130050,2009,0.0,-10,0.0,0.0,0.000891912
130050,2010,0.0,-10,0.0,0.0,0.000498488
130050,2011,0.83313,-9,0.855022,0.000108217,0.00168362
130050,done,0.0,0,0.0,,
130060,2008,0.594628,0,0.594628,0.000328127,0.0180443
130060,2009,0.0,-10,0.0,0.0,0.000891912
130060,2010,0.197062,-9,0.231822,3.20564e-05,0.000498488
130060,2011,0.0619215,9,0.627969,0.000526424,0.00168362
130060,2012,0.0,-10,0.0,0.0,0.0295332
130060,2013,-0.167131,9,0.0909073,0.000159727,0.011513
130060,2014,0.0927534,4,0.371363,5.19036e-05,0.000649862
130060,done,0.0,0,0.0,,
130063,done,0.0,0,0.0,,
130068,done,0.0,0,0.0,,
130070,2008,0.0102202,-10,0.410347,0.000129626,0.0180443
130070,2009,-0.0702702,-9,0.381571,0.00172961,0.000891912
130070,2010,-0.114408,-8,0.0549797,0.000480446,0.000498488
130070,2011,0.0246562,9,0.627578,0.00592118,0.00168362
130070,2012,0.186264,7,0.36184,0.000256649,0.0295332
130070,2013,0.174922,8,0.82785,0.00533667,0.011513
130070,2014,0.0112085,-3,0.442212,0.000181006,0.000649862
130070,done,0.0,0,0.0,,
130080,2008,0.508576,-1,0.583501,0.000932836,0.0180443
130080,2009,0.303078,-5,0.406742,0.000338503,0.000891912
130080,2010,0.182729,9,0.540479,0.00553914,0.000498488
130080,2011,0.172017,6,0.711641,0.00341345,0.00168362
130080,2012,-0.10375,9,0.73446,0.0023386,0.0295332
130080,2013,0.262931,3,0.619373,0.00504294,0.011513
130080,2014,0.39032,-1,0.52365,0.00664289,0.000649862
130080,done,0.0,0,0.0,,
130083,2008,0.200199,2,0.529204,9.12575e-05,0.0180443
130083,2009,0.0,-10,0.0,0.0,0.000891912
130083,2010,0.0,-10,0.0,0.0,0.000498488
130083,2011,0.0,-10,0.0,0.0,0.00168362
130083,2012,0.0,-10,0.0,0.0,0.0295332
130083,2013,0.0,-10,0.0,0.0,0.011513
130083,2014,0.0,-10,0.0,0.0,0.000649862
130083,done,0.0,0,0.0,,
130090,2011,0.0,-10,0.0,0.0,0.00168362
130090,done,0.0,0,0.0,,
130100,2008,0.385195,-1,0.525978,3.85356e-05,0.0180443
130100,2009,0.0,-10,0.0,0.0,0.000891912
130100,2010,0.0,-10,0.0,0.0,0.000498488
130100,2011,0.0,-10,0.0,0.0,0.00168362
130100,done,0.0,0,0.0,,
130110,2008,0.488463,-1,0.616841,0.00108729,0.0180443
130110,2009,-0.0376541,-9,0.401143,9.19174e-05,0.000891912
130110,2010,0.565023,3,0.610133,0.00370734,0.000498488
130110,2011,0.07271,9,0.907871,0.00769649,0.00168362
130110,2012,-0.0402364,7,0.511808,0.000865233,0.0295332
130110,2013,0.40794,6,0.832043,0.00541898,0.011513
130110,2014,0.248067,7,0.272481,0.000417385,0.000649862
130110,done,0.0,0,0.0,,
130115,2014,0.0,-9,0.0,0.0,0.000649862
130115,done,0.0,0,0.0,,
130120,2008,0.249051,0,0.249051,0.00389233,0.0180443
130120,2009,0.542334,7,0.808926,0.0107477,0.000891912
130120,2010,0.392172,-10,0.574426,0.00886686,0.000498488
130120,2011,-0.0628519,6,0.393451,0.0179005,0.00168362
130120,2012,-0.203219,9,0.253209,0.000853761,0.0295332
130120,2013,0.645962,3,0.798567,0.0157885,0.011513
130120,2014,0.192728,1,0.370347,0.00790668,0.000649862
130120,done,0.0,0,0.0,,
130130,2008,-0.0695416,9,0.739165,0.000426361,0.0180443
130130,2009,0.55472,2,0.644784,0.0052176,0.000891912
130130,2010,0.549584,-1,0.60575,0.00902339,0.000498488
130130,2011,0.0853529,6,0.696146,0.0100241,0.00168362
130130,2012,-0.0567013,9,0.316352,0.000955665,0.0295332
130130,2013,0.397315,5,0.763823,0.00575965,0.011513
130130,2014,0.235617,-7,0.361817,0.000419175,0.000649862
130130,done,0.0,0,0.0,,
130140,2008,0.709117,7,0.857798,3.28159e-05,0.0180443
130140,2009,0.0,-10,0.0,0.0,0.000891912
130140,2010,0.186634,-4,0.231822,3.23614e-05,0.000498488
130140,2011,-0.103451,8,0.359954,0.000128949,0.00168362
130140,2012,0.0,-10,0.0,0.0,0.0295332
130140,2013,0.0,-10,0.0,0.0,0.011513
130140,done,0.0,0,0.0,,
130150,2013,0.0,-10,0.0,0.0,0.011513
130150,done,0.0,0,0.0,,
130160,2011,0.0659052,8,0.247263,0.00034766,0.00168362
130160,2012,0.0,-10,0.0,0.0,0.0295332
130160,2013,0.0,-10,0.0,0.0,0.011513
130160,2014,0.0,-10,0.0,0.0,0.000649862
130160,done,0.0,0,0.0,,
130165,2011,0.227168,7,0.267765,0.000211446,0.00168362
130165,2012,0.0,-10,0.0,0.0,0.0295332
130165,2013,0.0,-10,0.0,0.0,0.011513
130165,2014,-0.13277,2,0.0,0.000449843,0.000649862
130165,done,0.0,0,0.0,,
130170,2008,0.753116,0,0.753116,0.00477178,0.0180443
130170,2009,-0.37711,5,-0.264038,0.00223395,0.000891912
130170,2010,-0.411022,9,0.149564,0.028624,0.000498488
130170,2011,0.695295,5,0.921231,0.0158966,0.00168362
130170,2012,0.045385,-10,0.505723,0.00709405,0.0295332
130170,2013,0.259751,7,0.856199,0.0234447,0.011513
130170,2014,0.507842,-1,0.519458,0.00973522,0.000649862
130170,done,0.0,0,0.0,,
130180,2011,0.0,-10,0.0,0.0,0.00168362
130180,done,0.0,0,0.0,,
130185,2011,0.275527,7,0.678398,0.000628429,0.00168362
130185,2012,0.0,-10,0.0,0.0,0.0295332
130185,2013,0.392994,1,0.448031,0.000134822,0.011513
130185,done,0.0,0,0.0,,
130190,2008,0.618585,4,0.865037,0.00505142,0.0180443
130190,2009,0.0248081,5,0.188772,1.11807e-05,0.000891912
130190,2010,0.228346,-3,0.231822,1.11807e-05,0.000498488
130190,2011,0.547615,5,0.917994,0.0130726,0.00168362
130190,2012,0.306753,5,0.696378,0.000572622,0.0295332
130190,2013,0.66857,4,0.892977,0.00316086,0.011513
130190,2014,0.217934,-5,0.41643,0.00753286,0.000649862
130190,done,0.0,0,0.0,,
130195,2008,0.0,-10,0.0,0.0,0.0180443
130195,2009,0.0,-10,0.0,0.0,0.000891912
130195,2010,0.0,-10,0.0,0.0,0.000498488
130195,2011,0.152109,3,0.481413,0.000249688,0.00168362
130195,2012,0.0,-10,0.0,0.0,0.0295332
130195,2013,0.0,-3,0.0,0.0,0.011513
130195,done,0.0,0,0.0,,
130200,done,0.0,0,0.0,,
130210,2010,-0.206733,-10,0.0,0.00023596,0.000498488
130210,2011,0.298483,9,0.380134,0.00798592,0.00168362
130210,2012,-0.00320751,9,0.600283,0.000805585,0.0295332
130210,2013,-0.0388041,7,0.371769,0.000164393,0.011513
130210,done,0.0,0,0.0,,
130220,2011,0.0867385,9,0.291777,0.000988675,0.00168362
130220,2012,-0.00432881,-8,0.369851,8.74202e-05,0.0295332
130220,2013,-0.100088,-10,0.00883627,8.05932e-05,0.011513
130220,2014,0.0,5,0.64673,0.0,0.000649862
130220,done,0.0,0,0.0,,
130230,2011,0.0668127,9,0.776831,0.000881786,0.00168362
130230,2012,0.0,-10,0.0,0.0,0.0295332
130230,done,0.0,0,0.0,,
130240,2008,0.231919,-1,0.56848,0.00332891,0.0180443
130240,2009,0.0,-10,0.0,0.0,0.000891912
130240,2010,-0.185159,9,0.374868,0.00804712,0.000498488
130240,2011,-0.0628458,9,0.909976,0.0194673,0.00168362
130240,2012,0.281896,6,0.554464,0.00123008,0.0295332
130240,2013,0.170223,7,0.631316,0.00161058,0.011513
130240,2014,0.250944,1,0.386367,0.00131954,0.000649862
130240,done,0.0,0,0.0,,
130250,2008,0.901947,0,0.901947,0.00191137,0.0180443
130250,2009,0.32868,1,0.404119,0.00010408,0.000891912
130250,2010,0.341292,9,0.599317,0.000786382,0.000498488
130250,2011,0.0650573,9,0.950388,0.0190525,0.00168362
130250,2012,0.0676681,9,0.731408,0.00303501,0.0295332
130250,2013,0.255403,7,0.927262,0.00911814,0.011513
130250,2014,0.366139,7,0.378986,0.0010323,0.000649862
130250,done,0.0,0,0.0,,
130255,2008,-0.0172535,6,0.674817,0.000796218,0.0180443
130255,2009,0.0,-10,0.0,0.0,0.000891912
130255,2010,0.0,-10,0.0,0.0,0.000498488
130255,2011,0.307116,5,0.640329,0.00152704,0.00168362
130255,2012,0.0,-10,0.0,0.0,0.0295332
130255,2013,0.293274,7,0.505239,0.000339239,0.011513
130255,2014,0.0,-10,0.0,0.0,0.000649862
130255,done,0.0,0,0.0,,
130260,2008,0.870946,0,0.870946,0.00492273,0.0180443
130260,2009,0.47492,-6,0.607945,0.000768416,0.000891912
130260,2010,0.794079,-2,0.845553,0.00104622,0.000498488
130260,2011,0.301286,6,0.954712,0.0311222,0.00168362
130260,2012,-0.0783274,9,0.635515,0.00257971,0.0295332
130260,2013,0.702375,5,0.875389,0.00831661,0.011513
130260,2014,0.264226,-6,0.448257,0.00239321,0.000649862
130260,done,0.0,0,0.0,,
130270,2010,-0.316615,-2,-0.278961,0.00230902,0.000498488
130270,2011,0.520343,4,0.600491,0.00347965,0.00168362
130270,2012,-0.24026,9,0.120038,0.010171,0.0295332
130270,2013,0.489161,6,0.65249,0.00138318,0.011513
130270,2014,-0.220503,-4,0.297245,0.000804598,0.000649862
130270,done,0.0,0,0.0,,
130280,2011,-0.128233,9,0.672418,0.00182212,0.00168362
130280,2012,-0.0937653,-10,0.255282,5.68311e-05,0.0295332
130280,2013,0.0,-10,0.0,0.0,0.011513
130280,2014,0.14858,-8,0.254075,0.000326673,0.000649862
130280,done,0.0,0,0.0,,
130290,2008,0.495916,1,0.582658,0.000368792,0.0180443
130290,2009,-0.155694,-2,0.0989851,6.04035e-05,0.000891912
130290,2010,0.562495,-1,0.611504,0.0039665,0.000498488
130290,2011,0.313129,5,0.743588,0.00195592,0.00168362
130290,2012,-0.162953,-10,0.0508564,0.00012944,0.0295332
130290,2013,0.846507,-1,0.883867,0.00260132,0.011513
130290,2014,0.0612616,9,0.455313,0.000101982,0.000649862
130290,done,0.0,0,0.0,,
130300,2011,-0.552978,-4,0.876517,0.000162145,0.00168362
130300,done,0.0,0,0.0,,
130310,2010,0.282531,1,0.401345,0.00719076,0.000498488
130310,2011,0.111618,6,0.682117,0.00835708,0.00168362
130310,2012,0.0317942,9,0.175646,0.000220479,0.0295332
130310,2013,0.247188,6,0.705818,0.00070945,0.011513
130310,2014,-0.0484809,-5,0.488912,0.000144936,0.000649862
130310,done,0.0,0,0.0,,
130320,2008,0.752154,8,0.874989,0.001108,0.0180443
130320,2009,0.0,-10,0.0,0.0,0.000891912
130320,2010,-0.0288775,8,0.0684503,6.28338e-05,0.000498488
130320,2011,-0.0430714,9,0.715575,0.0074775,0.00168362
130320,2012,-0.0469812,4,0.0488547,6.45619e-05,0.0295332
130320,2013,0.36344,4,0.581666,0.00412704,0.011513
130320,2014,-0.163613,-4,0.2535,0.000465143,0.000649862
130320,done,0.0,0,0.0,,
130330,2008,0.811235,0,0.811235,0.00675676,0.0180443
130330,2009,0.088832,6,0.401143,5.27649e-05,0.000891912
130330,2010,0.570103,7,0.620224,0.0137716,0.000498488
130330,2011,0.36444,6,0.826846,0.0166177,0.00168362
130330,2012,0.0572807,8,0.700518,0.00144757,0.0295332
130330,2013,0.788489,-1,0.809555,0.00562037,0.011513
130330,2014,0.394671,9,0.459176,0.00133863,0.000649862
130330,done,0.0,0,0.0,,
130340,2008,0.876443,0,0.876443,0.0023737,0.0180443
130340,2009,0.453535,3,0.732682,0.00412121,0.000891912
130340,2010,0.323808,9,0.514836,0.00032634,0.000498488
130340,2011,0.267663,9,0.914852,0.00197193,0.00168362
130340,2012,-0.0157926,9,0.355411,0.000606773,0.0295332
130340,2013,0.395478,6,0.580886,0.000915541,0.011513
130340,2014,0.108936,3,0.383912,0.00037134,0.000649862
130340,done,0.0,0,0.0,,
130350,done,0.0,0,0.0,,
130353,2008,0.386799,7,0.480725,0.000392557,0.0180443
130353,2009,0.112862,8,0.436439,0.000190244,0.000891912
130353,2010,0.251153,-3,0.413308,0.00186439,0.000498488
130353,2011,0.265871,7,0.799925,0.00422545,0.00168362
130353,2012,0.0856374,8,0.564892,0.00132626,0.0295332
130353,2013,0.372811,-5,0.718318,0.00238879,0.011513
130353,2014,-0.293726,9,-0.0520214,0.00216281,0.000649862
130353,done,0.0,0,0.0,,
130356,2008,0.485711,-2,0.74874,0.00161514,0.0180443
130356,2009,0.363503,0,0.363503,0.000186241,0.000891912
130356,2010,0.0,-10,0.0,0.0,0.000498488
130356,2011,0.146991,7,0.81161,0.00364409,0.00168362
130356,2012,0.255282,-3,0.369851,3.71085e-05,0.0295332
130356,2013,-0.0093053,7,0.371969,3.44839e-05,0.011513
130356,2014,0.0569255,-5,0.342815,3.35897e-05,0.000649862
130356,done,0.0,0,0.0,,
130360,done,0.0,0,0.0,,
130370,2013,-0.125742,9,0.812282,0.01003,0.011513
130370,2014,0.0,-10,0.0,0.0,0.000649862
130370,done,0.0,0,0.0,,
130380,2008,0.0,-10,0.0,0.0,0.0180443
130380,2009,0.0,-10,0.0,0.0,0.000891912
130380,2010,0.40384,-5,0.608237,0.0136803,0.000498488
130380,2011,0.245214,1,0.317556,0.00573937,0.00168362
130380,2012,-0.106654,9,0.573103,0.0204108,0.0295332
130380,2013,0.581391,0,0.581391,0.00620565,0.011513
130380,2014,0.40637,-7,0.449827,0.00734495,0.000649862
130380,done,0.0,0,0.0,,
130390,2011,0.0,-10,0.0,0.0,0.00168362
130390,2012,0.0,-5,0.0,0.0,0.0295332
130390,2013,-0.243557,-4,0.915098,2.86017e-05,0.011513
130390,done,0.0,0,0.0,,
130395,done,0.0,0,0.0,,
130400,2008,0.633237,9,0.857798,0.000117938,0.0180443
130400,2009,0.0,-10,0.0,0.0,0.000891912
130400,2010,0.176206,-10,0.228346,0.000117055,0.000498488
130400,2011,-0.0877657,8,0.00949027,0.000353149,0.00168362
130400,2012,0.0,-10,0.0,0.0,0.0295332
130400,2013,0.0,-10,0.0,0.0,0.011513
130400,2014,0.0,-10,0.0,0.0,0.000649862
130400,done,0.0,0,0.0,,
130406,2008,-0.158569,-4,0.200156,0.000382564,0.0180443
130406,2009,0.0,-10,0.0,0.0,0.000891912
130406,2010,0.228346,-3,0.231822,2.08559e-05,0.000498488
130406,2011,0.474069,-6,0.899117,0.00685727,0.00168362
130406,2012,-0.305348,-9,-0.246384,0.00110213,0.0295332
130406,2013,0.0207717,9,0.679922,0.0207669,0.011513
130406,2014,0.477856,0,0.477856,0.0346324,0.000649862
130406,done,0.0,0,0.0,,
130410,2010,0.0,-10,0.0,0.0,0.000498488
130410,2011,-0.0529138,9,0.409235,5.27426e-05,0.00168362
130410,2012,-0.105974,9,0.0488547,5.58566e-05,0.0295332
130410,2013,0.139999,6,0.472629,0.000217592,0.011513
130410,2014,0.0,-10,0.0,0.0,0.000649862
130410,done,0.0,0,0.0,,
130420,2008,0.482251,-1,0.64888,0.000231829,0.0180443
130420,2009,0.0,-10,0.0,0.0,0.000891912
130420,2010,0.307606,-10,0.411013,0.000154629,0.000498488
130420,2011,-0.142648,9,0.718815,0.0514194,0.00168362
130420,2012,0.365687,8,0.647544,0.0133443,0.0295332
130420,2013,0.370234,-8,0.597558,0.0125308,0.011513
130420,2014,0.100652,-5,0.303124,0.013517,0.000649862
130420,done,0.0,0,0.0,,
130423,done,0.0,0,0.0,,
130426,2011,1.0,-10,1.0,8.32154e-05,0.00168362
130426,done,0.0,0,0.0,,
130430,done,0.0,0,0.0,,
