wcode,2008_m01,2008_m02,2008_m03,2008_m04,2008_m05,2008_m06,2008_m07,2008_m08,2008_m09,2008_m10,2008_m11,2008_m12,2009_m01,2009_m02,2009_m03,2009_m04,2009_m05,2009_m06,2009_m07,2009_m08,2009_m09,2009_m10,2009_m11,2009_m12,2010_m01,2010_m02,2010_m03,2010_m04,2010_m05,2010_m06,2010_m07,2010_m08,2010_m09,2010_m10,2010_m11,2010_m12,2011_m01,2011_m02,2011_m03,2011_m04,2011_m05,2011_m06,2011_m07,2011_m08,2011_m09,2011_m10,2011_m11,2011_m12,2012_m01,2012_m02,2012_m03,2012_m04,2012_m05,2012_m06,2012_m07,2012_m08,2012_m09,2012_m10,2012_m11,2012_m12,2013_m01,2013_m02,2013_m03,2013_m04,2013_m05,2013_m06,2013_m07,2013_m08,2013_m09,2013_m10,2013_m11,2013_m12,2014_m01,2014_m02,2014_m03,2014_m04,2014_m05,2014_m06,2014_m07,2014_m08,2014_m09,2014_m10,2014_m11,2014_m12
82014,,,,,,,,,,,,,,,,,,,,,,,,,,,,,,,,,,,,,,,,11,,,,,,,,,,,,,,,,,,,,,,,,,,,,,,,,,,,,,,,,,,,,
82024,44,31,67,58,378,241,452,104,136,100,162,290,100,32,49,85,6,394,318,85,10,55,22,70,19,69,39,259,433,260,292,232,120,48,126,127,25,55,144,16,668,399,348,303,63,86,98,34,34,17,47,247,304,105,343,309,60,36,14,46,0,78,14,169,314,216,254,313,74,90,251,78,4,19,22,72,79,372,216,195,22,122,115,30
82042,26,67,68,73,392,359,334,124,201,156,56,277,166,23,115,206,71,395,312,138,94,73,48,20,41,46,81,355,208,281,349,359,193,86,154,254,50,87,194,184,561,306,300,144,155,154,221,21,88,66,203,337,295,253,358,263,214,50,51,99,0,153,64,296,489,295,280,217,157,52,72,65,7,18,46,271,212,280,166,190,37,78,29,0
82067,192,282,207,366,416,366,427,129,205,297,225,0,331,159,340,247,322,452,304,257,110,199,,52,217,186,369,192,257,308,283,232,164,,159,283,188,212,284,296,466,401,233,150,214,171,90,504,280,523,533,343,550,387,208,277,146,130,273,201,235,524,274,472,366,191,326,275,397,192,309,273,287,271,246,421,511,484,335,179,229,212,173,310
82098,240,269,376,334,262,192,173,31,25,90,16,347,339,523,316,364,317,286,151,67,1,9,0,134,281,207,215,402,346,287,115,155,34,92,80,203,254,372,456,242,377,270,325,95,0,130,28,8,207,382,466,274,257,130,214,77,10,10,16,111,329,427,388,516,461,180,252,160,18,16,26,78,170,494,336,452,271,429,155,91,79,16,3,33
82106,418,247,268,119,335,243,264,176,222,191,298,340,384,315,305,253,302,392,130,244,154,272,134,91,294,260,227,360,368,324,152,103,166,176,328,224,460,243,277,329,474,192,119,118,193,210,156,267,368,393,512,264,337,188,294,156,260,98,127,192,145,433,462,337,427,313,164,296,227,118,349,106,369,281,271,341,420,2,174,278,142,213,198,368
82113,207,200,198,399,441,216,237,60,99,146,119,388,178,229,354,377,199,,220,200,73,106,218,85,62,148,155,513,233,150,155,79,70,123,245,147,153,314,258,274,443,227,244,114,123,87,77,148,261,465,319,480,474,307,300,132,122,129,162,237,78,397,272,224,335,267,232,252,79,88,180,44,180,221,302,210,0,0,0,137,20,190,182,89
82141,532,273,653,371,235,264,135,36,12,21,1,125,368,642,917,915,577,369,28,34,0,1,0,27,236,438,215,465,254,234,114,221,55,21,94,87,668,493,597,555,360,89,131,119,14,107,68,96,115,579,808,433,156,135,83,133,13,0,0,47,331,230,555,510,339,87,204,125,49,8,18,35,222,507,497,652,437,226,214,50,5,39,0,11
82145,395,252,673,418,456,278,273,77,17,32,0,28,173,603,527,508,850,293,227,54,1,0,0,48,118,208,132,379,119,291,376,138,12,25,27,161,449,326,388,503,379,226,212,38,34,63,4,0,86,174,302,341,140,113,198,133,2,4,40,19,86,107,342,327,312,118,157,82,78,1,2,,40,445,323,432,423,232,105,50,6,10,0,108
82178,442,243,382,460,302,119,45,14,50,126,158,283,159,394,344,234,393,118,17,7,0,18,52,160,217,211,226,356,369,103,177,51,58,65,186,231,422,347,497,379,180,75,56,80,34,0,162,107,245,452,249,172,80,81,0,10,42,39,66,220,418,338,391,323,195,61,0,127,67,13,166,78,256,211,344,405,253,102,59,15,38,0,87,43
82181,199,120,400,313,481,91,85,9,24,41,18,212,126,299,310,339,674,163,58,11,0,0,23,237,15,178,115,355,268,85,224,70,17,23,86,194,352,274,453,512,429,117,70,5,12,106,42,9,224,327,362,235,214,175,182,10,1,6,46,185,167,146,152,229,216,103,142,115,47,11,75,71,130,334,199,276,184,230,108,91,6,7,0,0
82184,225,227,326,399,389,354,87,52,80,91,32,204,223,471,536,146,363,328,,41,60,99,5,158,257,225,202,540,350,182,,71,53,51,39,141,377,317,310,404,430,226,,51,38,49,93,37,190,451,374,518,301,140,251,92,69,28,10,115,146,272,290,371,344,233,200,197,79,115,26,96,172,235,391,458,304,271,152,146,49,36,9,18
82188,428,210,460,239,278,140,38,154,77,12,61,196,343,341,297,153,234,147,30,43,0,0,36,224,221,268,314,392,276,162,64,38,33,34,114,129,251,202,493,198,173,64,90,32,58,199,19,19,267,390,446,415,42,22,121,66,73,54,36,180,211,295,291,241,251,169,154,92,81,37,104,138,260,110,403,310,349,217,180,165,73,71,66,169
82191,532,451,457,505,308,299,109,151,110,111,135,171,354,422,582,470,457,317,193,93,134,142,45,254,452,360,297,450,403,176,132,188,95,152,134,225,520,332,491,579,477,241,195,179,60,139,175,202,451,412,743,383,225,320,313,112,197,44,103,260,373,612,532,527,410,150,221,245,110,84,211,300,407,603,563,561,333,286,243,85,211,82,41,186
82198,163,183,703,466,425,399,153,52,2,1,0,9,206,479,800,726,545,274,129,32,1,0,0,10,202,146,160,414,198,345,305,63,19,0,31,126,535,416,372,382,391,168,225,123,13,105,7,1,147,221,291,242,146,227,82,33,0,16,9,32,83,126,324,263,467,98,204,30,16,9,5,0,115,240,376,475,535,138,109,26,2,4,6,31
82212,380,332,309,326,338,211,147,186,136,232,139,317,410,184,327,235,456,281,300,110,146,119,80,139,287,181,198,269,334,250,225,81,43,175,124,168,210,193,257,446,449,150,101,31,176,192,212,258,554,187,442,299,357,214,240,94,116,57,99,287,155,312,325,231,459,284,265,258,138,71,300,169,288,277,489,348,392,342,189,135,105,118,194,314
82240,609,194,373,192,335,288,101,80,117,82,111,212,222,487,450,369,303,128,176,22,31,93,49,199,209,125,176,491,258,140,152,73,43,45,112,233,272,473,369,508,307,146,114,59,31,95,58,335,381,470,306,177,295,175,233,91,50,54,1,315,709,179,667,213,339,211,292,194,75,73,61,214,144,409,382,204,342,295,207,63,10,94,139,51
82246,214,165,737,336,347,168,60,36,20,69,83,172,178,491,469,252,407,215,87,33,2,134,115,53,134,119,136,392,280,208,219,104,33,162,34,203,335,263,440,419,123,131,75,40,32,82,229,55,243,198,228,169,117,87,118,32,26,67,4,250,252,182,391,315,281,107,290,240,15,85,116,153,305,364,380,245,250,252,69,23,12,68,32,0
82263,403,376,413,280,372,277,79,38,135,38,72,161,287,327,579,385,524,345,96,40,28,49,0,383,389,240,259,295,366,70,137,171,12,81,116,207,635,436,355,470,301,108,143,82,59,46,118,57,214,454,294,375,187,102,94,63,17,54,3,323,291,394,386,447,381,206,150,68,54,40,173,45,476,350,448,404,360,176,182,63,42,26,85,100
82280,124,414,585,607,314,380,105,51,0,0,1,18,376,367,565,767,468,208,72,12,0,0,3,10,108,122,317,394,377,218,105,7,0,0,16,91,490,457,431,622,311,167,128,39,0,62,6,1,102,238,332,250,86,51,60,11,0,0,2,1,60,279,319,268,186,203,204,15,4,1,14,40,150,251,161,244,784,185,44,4,0,2,2,29
82287,95,157,390,366,152,77,52,45,0,0,0,48,207,160,361,421,367,75,42,3,0,0,0,3,29,25,145,175,49,45,61,0,0,12,4,93,83,224,197,265,75,64,61,5,0,44,0,0,17,164,229,48,28,101,38,0,0,0,0,0,116,67,140,186,152,32,114,10,0,0,21,16,71,122,180,211,370,9,4,0,8,0,4,0
82294,162,116,359,489,154,42,0,,0,0,0,0,161,415,452,698,277,138,,15,1,0,2,4,36,22,106,205,90,136,1,,0,0,,0,315,170,175,,,,,,,,,,,,,,,,,,,,,,,,,,,,,,,,,,,,,,,,,,,,,
82296,286,214,368,416,229,106,83,26,0,13,0,135,156,154,139,387,285,132,45,14,0,9,26,12,174,170,147,260,108,94,3,4,1,110,15,106,116,222,156,194,211,51,65,18,3,33,1,0,,166,217,93,56,91,0,0,0,0,0,4,193,86,219,213,88,44,31,37,2,15,53,0,279,263,200,191,122,44,12,34,18,10,23,17
82298,261,288,526,285,150,45,14,12,12,3,6,41,53,374,286,310,633,134,39,1,18,5,82,31,177,144,230,288,78,82,14,1,8,123,92,173,390,281,230,418,303,99,58,8,6,109,14,7,229,155,254,296,93,46,9,2,0,4,4,27,97,211,205,285,123,43,63,21,43,18,37,1,146,342,129,271,251,172,15,4,3,28,53,2
82317,212,224,239,174,262,124,146,74,163,244,140,181,397,412,365,259,281,139,69,168,100,262,102,213,234,181,199,388,227,168,139,50,50,131,171,305,281,228,243,300,309,197,71,53,11,182,275,144,637,364,303,339,370,111,122,121,109,196,109,344,268,402,392,425,230,175,146,92,149,119,374,178,299,346,509,225,399,162,107,138,103,163,251,133
82326,355,423,322,308,365,182,57,91,152,187,248,392,393,483,329,462,391,292,34,51,91,82,168,519,338,187,416,510,246,225,135,23,164,125,298,557,469,415,326,394,189,143,58,80,114,246,310,239,436,375,497,250,241,144,115,76,113,181,233,625,572,625,545,319,360,135,97,102,44,90,545,215,326,386,496,404,317,244,94,98,64,257,319,373
82331,397,299,553,345,264,203,80,58,56,162,281,458,311,458,232,222,114,166,25,5,4,26,132,262,296,353,206,303,165,119,101,55,27,117,141,290,227,493,323,516,222,121,20,64,41,284,273,195,365,289,277,196,168,85,83,27,90,181,284,266,315,342,427,421,238,32,167,53,121,193,312,101,253,245,528,255,425,212,66,32,1,191,196,174
82336,468,300,328,348,238,236,114,80,216,225,282,229,330,530,429,181,399,205,75,36,1,64,49,345,169,173,161,392,214,147,116,51,29,43,86,361,417,409,588,502,513,133,89,150,54,218,150,212,339,322,502,356,228,107,215,70,49,21,155,462,368,418,455,293,195,109,139,128,113,99,174,222,150,474,605,348,239,221,115,79,20,265,272,208
82353,219,333,529,447,258,97,54,50,41,128,56,265,276,306,401,560,429,238,58,5,7,32,21,291,341,265,213,339,294,78,54,45,22,14,127,169,412,323,273,393,223,78,41,39,3,43,90,9,222,289,522,195,163,57,33,11,29,128,14,252,363,241,478,442,333,126,128,23,81,72,69,140,196,454,340,360,137,102,24,86,73,83,131,15
82361,343,307,575,356,247,87,19,121,29,95,98,284,355,302,591,709,393,172,44,27,4,22,27,328,468,345,233,392,236,31,17,9,5,99,141,244,445,289,318,497,375,117,78,20,43,128,122,27,427,343,499,219,58,63,97,0,0,106,54,321,443,404,297,376,204,113,110,28,31,101,145,70,449,433,371,546,261,82,41,43,36,140,40,205
82376,353,223,372,413,202,61,31,3,41,5,29,76,240,206,597,344,410,159,92,3,0,0,21,137,142,195,112,323,168,43,6,16,2,130,175,151,433,370,163,377,282,67,69,45,3,136,35,3,258,299,292,162,50,99,22,1,6,16,14,47,107,372,389,373,110,30,52,4,7,9,52,36,306,440,192,277,330,163,25,11,41,1,4,34
82382,219,295,751,649,219,62,6,12,3,18,0,66,227,320,464,481,345,134,25,0,1,13,1,44,243,109,139,229,150,93,50,0,0,15,85,138,318,331,357,472,241,63,22,1,0,133,90,3,407,240,202,35,25,34,2,15,1,0,80,135,88,218,226,362,131,70,116,2,6,0,40,58,306,204,181,305,452,57,25,1,2,3,55,20
82392,118,133,309,303,200,3,6,25,0,0,10,1,176,151,306,327,269,86,40,19,0,0,0,2,175,67,80,131,41,73,9,0,0,10,0,59,197,135,204,340,121,55,51,7,0,41,0,0,105,95,190,50,7,0,0,0,0,1,0,0,102,117,110,103,79,60,51,0,0,1,57,14,82,181,106,232,167,10,0,0,0,0,4,3
82397,278,63,316,483,289,95,11,55,0,2,3,8,162,307,480,561,306,253,209,41,3,8,7,24,71,76,235,310,177,90,54,3,0,4,13,76,668,309,376,387,160,141,123,24,0,33,24,15,48,210,302,152,143,140,6,0,2,11,4,14,47,110,73,155,144,218,87,14,11,9,11,11,67,144,331,267,257,56,36,2,7,4,18,49
82410,408,300,309,191,220,119,109,148,238,256,364,278,611,409,571,228,225,229,,118,109,210,258,250,458,305,323,232,111,303,98,94,110,130,412,244,282,279,306,329,263,198,160,75,114,130,304,197,113,342,443,154,183,215,137,82,222,208,83,230,340,339,265,213,221,125,131,135,85,199,22,178,340,400,282,256,251,118,152,183,114,30,102,314
82425,266,430,229,335,143,100,23,47,97,81,82,350,426,293,567,324,151,235,111,73,56,229,216,301,266,174,396,391,188,116,72,27,70,77,108,307,294,302,205,378,163,50,30,0,112,182,213,171,576,502,256,275,168,111,106,159,59,226,165,285,193,314,245,372,290,148,58,69,142,198,232,164,197,253,142,237,171,72,158,125,36,139,263,186
82445,287,239,492,215,204,144,82,75,96,41,262,179,195,315,335,369,295,165,84,11,42,52,9,178,156,350,186,495,145,99,94,7,54,202,145,238,441,431,274,383,347,70,54,128,84,160,172,177,348,324,340,202,223,92,77,74,71,176,218,127,235,339,373,237,224,136,75,59,121,71,273,135,282,425,283,182,270,66,59,69,28,185,142,258
82460,425,401,556,454,373,35,37,13,4,32,32,141,216,322,408,471,546,82,33,11,2,26,8,110,265,257,182,338,104,44,26,0,2,64,78,112,244,586,311,431,297,25,104,12,0,65,24,61,195,214,319,116,93,63,4,34,25,1,26,166,55,311,255,295,172,97,27,9,11,15,289,59,276,378,274,441,285,46,2,19,52,28,25,99
82474,181,379,565,474,130,5,5,27,0,8,1,17,203,415,519,706,277,68,54,6,0,74,25,48,135,106,346,235,140,58,0,0,2,76,22,364,343,169,410,343,219,4,15,18,0,100,66,71,78,151,298,130,42,9,0,0,0,1,4,41,136,157,159,331,92,33,16,0,0,11,23,45,150,180,278,291,118,36,0,0,0,22,19,3
82476,405,260,504,415,225,6,2,0,5,10,12,73,226,343,339,791,543,42,35,1,0,10,1,156,137,227,107,266,175,102,2,0,3,93,5,125,105,261,197,400,173,8,14,39,0,112,83,22,224,192,227,73,12,67,0,0,9,10,28,102,185,125,306,291,62,43,2,3,17,17,70,61,216,253,196,300,97,33,54,1,34,69,154,44
82480,238,339,418,510,175,6,13,25,0,7,2,2,138,274,501,721,426,55,64,14,1,31,6,13,92,97,344,204,140,42,0,2,0,48,44,351,288,248,371,449,252,40,43,10,1,57,14,10,85,249,250,78,30,22,4,0,0,7,78,40,124,174,170,236,95,59,13,3,0,14,43,51,123,247,204,281,155,64,7,17,2,7,42,20
82486,,,,,,,,,,,,,,,,,,,,,,0,,,,,,,,,,,,,,,,,,,,,,,,,,,,,,,,,,,,,,,,,,,,,,,,,,,,,,,,,,,,,,
82487,204,27,260,417,204,110,105,85,1,14,23,56,136,191,371,410,425,273,265,62,19,14,39,33,135,52,130,356,72,76,9,4,20,11,20,189,398,229,270,208,248,98,182,71,5,100,61,16,114,244,158,99,57,159,17,2,3,25,16,48,91,141,126,257,280,216,157,22,21,22,59,15,155,121,368,201,209,94,23,3,64,40,64,37
82493,38,0,302,314,126,54,40,39,0,0,1,0,172,137,257,348,304,97,33,18,0,0,1,2,32,9,38,182,40,18,7,0,0,10,0,49,279,112,152,337,151,12,70,4,0,14,3,39,22,199,82,96,8,1,19,0,0,0,0,2,36,27,51,210,27,87,79,0,0,5,8,23,2,61,65,184,135,22,2,0,5,28,12,1
82533,408,452,314,147,309,43,7,48,170,250,201,344,467,405,403,431,253,202,56,127,35,221,196,435,453,399,300,389,126,139,44,17,104,161,220,137,458,388,155,462,233,42,32,75,169,319,309,296,433,388,382,410,236,138,9,3,90,274,197,311,340,330,350,403,201,77,73,44,165,155,489,245,359,377,372,276,213,33,99,73,96,194,373,257
82562,332,238,446,279,184,42,0,3,0,114,209,354,143,325,282,348,452,56,31,1,6,171,75,203,281,238,238,272,127,28,0,19,9,149,50,251,394,271,411,354,152,42,20,28,4,99,320,80,214,290,227,148,56,68,10,0,16,22,144,204,191,186,364,292,81,26,36,14,104,102,124,121,253,444,366,301,151,3,11,18,65,174,104,216
82564,180,123,580,284,180,0,0,1,1,32,112,333,220,353,159,439,265,4,0,24,5,32,28,75,183,199,170,260,163,32,11,5,8,145,48,168,390,343,346,170,122,0,10,0,0,170,91,114,248,252,149,59,29,58,4,0,26,121,194,235,221,171,266,146,84,21,14,8,42,47,92,221,150,279,176,141,22,0,0,10,21,80,170,155
82571,186,209,328,219,100,0,0,6,0,15,13,117,167,237,162,492,248,7,0,40,2,58,30,200,182,131,77,253,14,4,30,0,1,57,59,125,174,291,257,205,199,1,22,7,0,108,139,69,111,193,196,65,23,22,37,0,3,47,37,113,143,109,212,35,119,40,21,2,0,63,138,136,119,184,250,160,152,1,0,5,31,34,62,67
82578,295,220,297,507,166,6,0,2,14,9,15,192,211,198,355,547,401,21,47,3,0,13,7,227,164,96,110,255,115,75,2,0,2,29,57,133,152,201,286,387,214,4,19,11,1,168,125,23,133,317,264,121,31,25,0,0,0,3,6,76,191,119,258,361,82,23,29,1,29,19,89,51,272,309,296,228,124,2,1,1,8,33,40,48
82583,27,136,406,263,32,2,20,45,0,0,1,1,67,181,112,508,189,7,15,19,3,0,1,5,87,14,68,109,18,3,2,0,0,30,0,109,184,114,158,215,178,13,17,14,0,28,38,0,52,41,65,52,5,0,0,0,0,0,0,6,14,96,63,91,49,38,11,0,0,0,,75,53,68,195,121,48,0,1,2,2,7,19,
82586,84,47,250,140,132,18,49,5,0,0,2,8,31,101,164,321,226,94,74,54,0,0,2,32,64,18,103,225,53,116,2,0,0,12,1,87,138,145,157,173,121,116,89,21,1,11,5,2,12,110,63,66,21,26,0,2,0,0,0,1,4,58,43,145,93,70,100,5,0,1,66,18,6,47,153,68,131,23,4,0,4,24,12,5
82588,121,32,220,255,133,40,,12,1,0,0,0,75,171,184,253,328,95,,57,0,0,0,3,146,9,34,174,16,32,,0,0,52,4,140,300,88,122,109,171,10,,9,4,43,0,5,52,163,74,37,3,43,,0,0,0,0,0,3,99,116,215,106,222,,0,0,0,60,22,12,85,217,163,105,17,,0,2,3,6,3
82590,107,26,265,341,124,75,27,15,,0,0,0,83,178,117,440,181,95,22,112,0,0,,19,176,54,48,236,21,28,4,,0,7,0,59,145,308,120,244,217,30,,21,0,50,4,0,146,145,43,13,4,4,9,0,0,0,0,0,15,16,42,224,42,103,15,2,0,1,28,12,14,82,94,166,141,32,14,0,5,0,3,0
82591,56,9,319,239,47,46,13,5,7,,,,,,,,,,,,,,,,,,,,,,,,,,,,,,,,,,,,,,,,,,,,,,,,,,,,,,,,,,,,,,,,,,,,,,,,,,,
82594,8,6,280,241,13,80,47,44,2,0,3,0,75,144,218,304,274,86,40,27,1,2,0,0,4,11,13,179,3,16,22,0,0,2,0,15,55,83,83,165,239,36,85,7,0,0,2,1,13,136,28,3,6,9,5,0,0,0,0,0,1,7,32,31,23,97,42,3,0,1,2,2,5,32,28,36,116,28,19,0,2,2,4,0
82596,46,28,192,289,152,237,255,209,25,26,5,0,103,217,237,289,328,290,260,182,58,0,13,7,0,32,25,115,119,62,98,59,14,2,5,,0,121,149,149,216,165,218,74,21,8,25,11,30,183,55,79,150,370,116,30,18,11,1,0,13,66,35,152,288,231,310,150,136,9,127,13,95,15,256,86,174,342,168,30,225,32,23,24
82597,,,,,,,,,,,,,,,,,,,,,,,,,,,,,,,,,,,,,,,,,,,,,,,,,,,,,,,,,,,,,,,,,,,,,,,,,,,,,,,0,,,,,
82598,69,22,276,409,212,542,473,401,38,32,9,0,162,245,221,364,372,305,348,229,77,1,7,10,71,81,70,191,263,155,151,95,39,8,4,55,326,77,147,372,413,445,170,119,33,21,44,22,77,111,146,61,184,302,235,63,42,18,1,1,20,60,35,176,255,399,431,242,200,11,39,10,79,52,262,82,191,540,231,90,149,31,25,24
82610,306,356,192,220,269,31,74,152,248,250,308,408,449,458,305,409,176,102,112,69,66,201,182,586,281,451,291,205,402,107,37,25,114,233,355,222,316,259,361,512,201,89,134,65,132,272,194,369,360,503,500,157,192,226,26,47,98,145,190,317,358,334,352,150,130,102,108,60,85,158,284,405,356,246,371,291,128,67,46,143,130,89,258,222
82659,323,288,397,301,174,2,1,0,43,177,205,174,152,227,385,340,156,4,5,7,123,186,191,462,217,232,151,273,16,65,0,0,0,180,178,222,281,295,240,202,93,0,7,4,27,155,380,111,306,266,170,42,76,29,21,6,60,142,345,273,326,199,374,237,163,66,31,13,16,106,256,277,221,371,280,230,95,0,12,15,26,161,317,285
82668,371,333,378,206,242,0,0,58,134,117,145,277,235,397,490,250,278,39,0,82,156,225,46,180,214,154,183,262,44,23,0,12,53,46,139,105,180,322,258,210,59,29,10,65,3,132,317,159,456,205,334,138,81,7,55,29,139,118,195,143,143,258,224,59,351,20,36,21,143,211,160,185,164,371,369,192,119,0,1,8,137,318,272,113
82676,190,237,275,277,53,0,0,6,47,8,101,116,248,253,202,415,222,4,2,8,1,172,40,175,99,216,272,229,19,25,9,0,7,102,89,66,259,343,307,105,161,0,51,2,0,46,152,106,253,183,204,40,100,9,0,0,0,14,63,150,247,119,115,138,63,118,4,14,0,70,177,149,146,159,181,161,119,0,0,30,25,67,19,92
82678,147,178,219,208,23,0,0,0,4,1,85,238,176,105,206,250,247,8,3,2,0,151,81,173,86,137,213,96,3,45,0,0,0,133,43,101,199,277,198,243,32,0,51,0,1,184,43,37,113,146,201,60,18,38,0,0,0,1,74,195,356,144,187,75,20,6,0,0,1,19,78,137,135,169,166,83,79,0,0,0,14,63,213,152
82683,82,132,319,191,60,1,1,8,0,0,0,1,129,9,91,244,105,9,56,11,0,0,1,35,151,28,50,60,8,93,0,,0,38,1,97,161,180,94,130,108,48,30,32,0,36,18,0,79,181,37,13,5,23,,0,6,0,0,0,9,65,27,89,59,37,,0,0,22,14,56,65,73,37,73,21,11,,0,,14,84,0
82684,53,139,260,330,8,0,0,0,0,0,23,71,64,136,151,140,50,6,0,0,0,15,12,88,196,53,286,91,7,12,0,0,0,41,15,131,42,179,77,46,65,0,0,0,0,35,35,55,89,104,20,4,0,0,0,0,0,1,132,50,93,24,175,84,16,0,0,0,0,2,58,79,54,154,200,33,28,,,,,,,
82686,114,261,389,249,124,1,13,20,0,0,0,7,193,198,138,474,125,16,37,91,13,0,0,9,120,105,185,224,49,37,0,4,0,64,2,65,239,336,92,495,213,9,87,26,0,77,23,6,214,211,246,155,27,30,1,0,0,0,12,0,79,54,85,141,252,101,61,7,2,49,29,31,68,162,282,240,73,28,27,0,9,50,13,9
82689,249,131,658,384,342,25,20,6,,6,0,32,157,200,203,348,310,27,39,30,3,16,0,77,119,51,0,,,3,,,,,,123,342,404,126,168,73,51,23,4,0,124,15,16,125,218,27,131,11,26,6,0,0,0,0,1,55,78,165,115,106,51,16,9,2,41,9,85,64,142,191,192,70,17,29,0,0,83,8,24
82690,70,79,338,270,95,42,10,1,0,0,0,0,24,204,185,322,169,40,19,25,0,8,0,51,108,51,109,175,46,56,4,0,6,93,0,52,99,203,114,270,222,15,37,1,0,3,0,2,65,69,19,1,1,44,0,0,0,0,1,0,24,7,95,161,96,46,21,2,0,0,85,60,95,43,153,244,102,12,7,0,8,2,5,0
82691,110,32,349,302,137,69,,8,15,0,0,4,86,89,410,354,194,74,27,46,1,1,1,69,138,8,128,125,28,150,2,0,0,90,0,48,108,69,176,261,158,12,68,1,0,13,1,0,52,96,23,4,1,1,8,0,0,0,0,8,27,20,42,106,23,57,23,10,2,1,8,81,9,115,197,365,69,5,8,0,8,0,5,0
82693,42,48,376,123,67,61,24,17,12,0,4,23,32,153,159,350,202,43,37,57,0,0,5,17,200,44,129,83,25,118,8,0,2,92,0,40,116,107,122,243,214,30,74,5,0,2,7,3,17,103,45,4,9,18,1,0,0,0,0,0,24,33,67,55,23,54,27,29,3,3,13,55,30,28,193,246,104,12,3,0,1,0,7,33
82695,63,0,304,358,157,194,134,247,50,0,,,,,,,,,,,,,,,,,,,,,,,,,,,,,,,,,,,,,,,,,,,,,,,,,,,,,,,,,,,,,,,,,,,,,,,,,,
82696,115,5,307,149,190,217,223,238,76,21,4,14,49,172,83,245,271,212,320,183,40,4,14,36,125,45,98,137,50,181,136,106,60,15,3,64,141,48,83,280,462,181,363,157,20,14,48,30,183,154,35,32,102,302,163,26,7,14,1,6,41,60,50,192,110,221,264,124,60,37,48,66,35,157,73,48,118,154,156,92,204,78,41,34
82704,283,262,413,313,164,106,66,60,118,225,272,225,272,165,404,238,263,177,108,101,228,123,80,227,205,170,134,234,105,38,38,82,65,169,206,296,149,204,247,181,121,53,38,29,86,306,114,252,248,248,402,222,119,101,9,10,94,63,113,210,338,336,371,320,185,174,80,75,171,82,196,252,394,327,246,220,188,87,36,109,109,182,329,404
82723,476,166,190,202,107,21,14,21,120,222,368,379,432,291,293,288,45,75,27,13,78,66,145,304,343,241,198,171,152,53,8,6,70,126,108,186,336,264,362,179,165,41,30,33,179,107,97,256,385,303,311,158,120,27,0,1,70,99,125,234,450,434,245,202,128,46,104,15,98,144,217,179,304,247,440,388,82,33,54,27,77,121,191,153
82753,29,96,272,108,23,0,17,1,,0,2,54,100,128,203,242,88,18,10,7,0,39,12,178,180,22,107,249,1,19,6,2,4,36,0,112,82,96,135,88,168,12,11,26,2,59,55,44,53,76,15,4,3,0,13,2,1,0,25,7,141,1,50,89,13,2,30,0,0,0,3,97,29,136,108,79,26,6,7,0,1,11,23,99
82765,242,170,388,356,77,0,1,2,37,78,214,123,199,216,236,373,285,2,7,11,63,275,36,370,345,312,199,247,23,17,0,0,0,111,104,342,222,538,339,325,72,0,10,1,14,189,425,149,349,288,254,172,21,3,3,3,13,125,186,268,590,130,308,105,77,42,0,6,64,105,165,390,170,312,364,160,36,0,14,3,47,134,316,227
82768,222,114,328,205,39,0,0,0,38,32,309,207,192,192,105,362,126,2,0,3,4,209,12,270,174,178,48,128,24,3,0,0,0,194,92,39,282,314,221,92,53,0,2,0,0,143,170,71,211,169,78,34,31,13,0,0,1,69,254,92,458,72,200,75,64,4,3,0,13,270,357,157,149,119,165,78,12,0,0,0,2,68,122,199
82777,72,217,312,107,14,0,,1,0,0,0,73,78,121,76,244,109,23,36,1,0,4,10,86,68,69,177,237,0,6,2,0,0,54,0,201,86,106,240,56,55,5,1,10,0,16,52,15,17,169,118,2,2,8,0,0,0,0,0,16,151,28,84,81,9,2,14,0,2,2,25,41,42,57,137,59,7,4,15,0,3,27,93,23
82780,89,75,288,138,14,0,0,1,2,1,3,142,86,157,156,234,52,27,6,0,1,2,4,113,79,130,172,153,1,14,0,0,0,84,51,75,47,226,225,77,93,0,0,4,0,4,75,0,50,75,47,13,7,2,0,0,0,1,104,14,74,9,70,68,67,9,1,0,0,1,16,,28,110,100,64,11,0,24,0,0,44,36,
82784,233,301,594,133,109,2,10,8,3,0,0,133,60,97,155,394,268,1,53,0,1,21,45,134,232,112,178,300,19,41,8,0,0,25,10,184,368,295,263,84,79,3,6,10,0,204,74,78,39,147,222,53,6,18,0,0,0,6,26,60,168,119,319,170,112,157,10,0,0,18,48,55,57,240,465,201,55,2,20,0,3,17,56,41
82789,52,136,387,388,199,75,112,39,6,1,7,26,99,245,135,295,412,111,63,76,0,48,13,79,156,133,25,258,31,209,80,12,27,119,0,83,215,231,153,225,296,96,98,53,42,109,66,12,36,106,28,38,45,18,32,41,2,1,3,13,37,43,104,226,78,42,113,25,1,18,20,98,63,150,249,190,147,43,71,40,38,71,112,9
82791,33,127,488,97,189,,22,1,6,0,3,93,91,168,300,509,,,,32,0,6,4,6,130,29,103,49,9,53,1,0,0,69,0,72,287,216,105,120,115,7,25,8,0,14,16,0,21,146,14,14,3,13,1,0,0,0,0,7,97,3,34,98,6,82,0,0,0,0,18,88,12,32,445,155,105,10,18,2,2,11,26,76
82792,25,94,285,55,227,64,19,56,4,0,0,8,130,83,77,246,337,34,49,67,0,29,6,17,64,46,,110,15,135,19,0,6,160,0,172,231,108,125,49,187,50,49,11,3,45,53,0,111,22,1,5,35,13,12,10,0,0,5,4,83,5,94,96,58,66,27,6,1,20,6,97,22,54,110,163,99,2,25,10,5,16,20,9
82795,52,11,247,76,164,98,130,87,34,11,1,8,44,245,45,150,111,138,150,139,21,0,6,19,78,14,21,96,27,234,42,86,48,16,4,37,54,140,137,180,361,128,334,106,4,7,25,20,72,99,14,5,58,213,102,21,6,10,0,9,27,30,37,116,66,150,141,87,34,23,21,22,15,48,44,30,140,102,122,40,99,51,11,11
82797,4,1,157,58,115,65,93,81,20,7,0,2,9,137,45,37,95,69,53,50,16,0,16,13,112,44,25,93,39,249,39,51,26,8,3,46,70,35,71,174,184,97,120,63,14,11,16,3,72,49,6,3,46,95,59,29,2,4,1,9,31,5,10,102,35,73,109,45,14,11,8,11,6,81,28,47,203,41,55,58,54,56,68,6
82798,81,9,299,313,336,397,294,326,87,45,7,60,58,260,139,547,521,304,420,128,77,19,46,26,111,77,31,166,112,256,222,189,92,16,10,39,223,222,66,428,485,249,426,216,36,10,45,8,206,141,71,47,217,538,291,81,37,30,2,8,51,39,17,271,186,493,481,252,287,40,33,21,86,108,151,134,265,256,153,79,199,40,13,23
82807,260,196,252,256,168,25,47,53,221,173,130,318,290,288,470,206,222,66,38,72,92,114,264,352,263,102,138,106,157,31,51,46,73,223,247,206,345,265,394,233,89,40,84,57,140,119,130,358,309,324,296,294,121,89,45,108,181,135,203,361,513,233,354,157,110,189,100,14,157,188,299,212,431,266,290,202,259,138,41,87,91,110,444,200
82825,401,195,,,,,,,,,,,,,,,,,,,,,,,,,,,,,,,,,,,,,,,,,,,,,,,,,,,,,,,,,,,,,,,,,,,,,,,,,,,,,,,,,,
82861,387,238,330,220,229,0,0,0,71,48,135,341,96,317,340,423,348,26,5,19,56,75,123,216,147,236,189,265,107,15,0,0,0,176,236,205,195,317,306,227,82,0,0,12,0,270,223,164,316,225,162,112,153,26,0,0,8,110,260,186,342,209,363,174,118,76,6,0,111,244,200,280,151,414,306,168,23,0,1,0,79,240,269,415
82863,371,220,340,284,114,0,0,0,20,135,304,249,187,284,249,284,222,25,0,0,8,155,126,160,256,148,305,235,38,1,16,2,0,172,287,158,272,466,212,221,129,5,0,2,0,189,345,294,434,277,253,179,64,11,0,0,2,138,201,156,413,191,354,130,68,11,1,9,3,81,241,279,182,247,280,138,129,0,0,0,134,133,295,277
82870,129,102,404,123,15,0,0,0,2,2,69,177,165,147,109,244,193,24,0,18,0,193,20,257,71,77,214,198,33,0,0,0,0,23,114,136,159,180,309,87,25,0,0,0,0,69,112,23,139,244,128,10,0,0,0,0,0,1,81,87,144,7,242,69,30,3,0,0,0,22,55,229,20,128,196,196,4,0,0,0,0,51,51,115
82879,58,51,293,245,0,0,0,0,1,0,17,91,118,122,51,97,8,5,0,0,0,83,18,129,137,36,130,121,1,15,0,0,0,34,69,83,88,214,264,39,36,0,0,1,0,3,84,41,37,169,35,1,0,0,0,0,0,0,64,52,161,1,73,103,1,0,0,0,0,6,80,233,10,232,68,49,17,0,1,1,0,7,152,44
82882,25,163,142,90,0,1,0,0,0,0,16,100,74,152,161,154,68,6,0,,0,57,7,56,93,29,114,73,1,26,4,,0,50,75,56,81,196,197,69,57,,0,1,0,1,31,25,14,64,44,0,0,,0,1,0,0,22,40,58,0,145,71,2,,1,0,0,0,64,116,,232,37,45,9,0,0,0,0,1,155,57
82886,50,173,212,226,13,3,0,5,1,1,0,24,206,88,109,269,70,0,4,10,14,30,8,33,34,64,51,97,,,,,4,107,,86,71,158,93,26,112,7,25,5,5,8,25,50,11,118,17,0,12,3,16,9,1,0,8,1,49,0,1,58,5,1,14,2,0,5,1,200,7,28,13,49,20,9,9,15,5,3,31,46
82890,,88,180,85,154,55,107,46,12,6,0,21,,89,,,257,79,81,98,2,6,5,36,143,90,68,,35,211,74,32,37,62,0,31,36,58,36,89,230,,78,39,22,18,22,0,91,8,10,39,44,27,59,38,6,8,11,1,3,1,17,98,56,60,117,31,12,20,10,91,3,66,18,86,129,60,56,59,44,106,8,8
82892,4,209,241,63,187,26,,,,0,0,0,0,134,50,195,348,61,101,74,1,3,19,21,6,23,24,277,4,200,22,4,33,64,0,47,19,40,18,55,145,42,84,12,15,8,33,0,43,28,3,0,6,37,22,16,3,0,3,7,0,0,0,90,17,43,122,27,1,4,19,34,0,50,17,125,44,23,39,43,5,24,46,35
82893,3,26,240,70,204,85,145,93,19,18,0,50,17,61,9,147,166,131,103,153,10,32,16,50,110,45,120,221,44,427,147,113,124,84,2,10,64,79,151,121,207,141,208,83,101,14,32,0,17,25,4,37,65,73,90,116,11,7,1,6,14,4,14,115,66,118,178,98,21,59,26,74,14,21,62,153,177,121,145,131,68,174,16,18
82900,86,32,395,314,416,392,374,294,48,54,16,18,85,376,143,352,410,333,387,290,84,16,50,48,193,45,93,273,114,544,259,191,74,37,24,85,139,337,129,647,756,304,544,202,36,35,75,42,199,190,139,56,190,297,262,163,20,54,10,25,96,48,99,229,317,491,416,225,146,129,77,177,109,148,252,269,315,323,279,162,249,147,56,71
82915,350,285,179,139,55,11,73,32,42,159,229,287,174,274,202,441,151,26,31,132,78,118,249,377,372,262,315,44,90,32,1,37,23,178,175,237,210,176,263,213,50,21,2,31,136,100,290,127,404,452,317,163,127,182,63,97,51,188,372,272,315,218,411,70,34,138,50,48,81,156,241,284,512,229,383,244,205,35,12,79,221,118,196,165
82970,103,209,417,141,18,0,0,0,0,24,142,214,125,305,299,419,189,4,0,3,29,180,84,211,195,117,225,188,43,0,2,0,0,142,129,89,234,359,285,90,55,0,0,0,0,157,221,154,209,214,173,54,44,0,0,0,0,27,245,152,287,48,190,102,47,21,0,0,9,69,182,356,188,108,223,111,42,0,0,0,1,20,169,162
82975,199,156,334,105,,0,0,0,17,7,64,341,133,151,212,188,108,0,0,0,0,0,43,170,165,84,164,123,0,0,0,0,,135,50,193,168,322,297,75,1,0,5,0,0,187,147,120,151,109,0,38,28,0,0,0,0,0,209,143,0,3,149,67,71,0,0,0,0,24,84,296,,132,240,238,10,0,0,0,46,66,185,158
82976,110,144,313,106,6,0,0,0,0,1,120,125,244,99,131,178,82,0,0,0,0,173,6,128,93,38,136,93,5,,0,0,0,33,28,70,59,152,204,25,4,,0,13,0,64,67,38,44,45,5,0,0,,0,0,0,0,75,28,182,1,115,84,16,,2,0,0,51,111,254,1,111,82,185,16,0,0,1,0,12,83,87
82979,27,214,151,231,2,0,0,0,0,0,35,46,275,115,168,185,31,3,0,0,0,157,0,50,115,45,149,104,0,18,3,0,0,29,6,171,34,94,281,24,3,1,0,1,0,72,73,21,8,79,16,0,0,0,0,0,0,0,106,16,47,0,78,87,0,0,2,0,0,10,69,220,0,68,75,174,0,0,3,4,0,0,62,151
82983,75,151,275,76,3,6,0,0,0,0,0,63,40,140,145,181,59,8,3,3,0,106,0,60,28,28,27,84,10,10,22,0,4,54,1,151,62,66,64,47,9,0,0,6,0,9,9,11,29,85,0,0,0,2,1,2,0,0,19,2,30,0,55,34,2,7,14,5,0,0,34,155,29,38,57,180,2,1,26,2,7,0,91,48
82986,0,55,97,60,65,33,91,36,2,3,0,154,6,4,8,170,188,67,37,54,2,73,5,39,35,36,55,148,59,52,41,32,28,13,0,18,32,43,88,20,51,15,39,20,9,13,2,0,0,58,0,0,18,20,41,27,15,2,10,0,51,0,0,56,47,12,80,21,2,60,0,68,8,20,39,54,53,28,74,40,18,12,33,5
82989,0,,175,139,142,93,260,73,17,11,0,63,5,,79,218,454,159,131,160,23,24,1,27,21,,47,165,80,294,13,,4,22,0,69,73,,178,76,196,125,211,80,151,48,101,0,1,,10,7,50,57,168,113,29,18,9,0,56,,6,144,127,55,193,89,24,151,9,73,16,,56,102,169,84,156,116,120,92,28,66
82990,,95,119,24,124,75,103,40,13,7,0,17,,39,0,108,174,121,64,99,14,9,0,0,,91,29,67,37,136,114,40,6,40,0,12,,35,113,106,89,46,91,31,,19,32,0,0,48,4,2,39,41,71,0,21,6,0,0,0,1,0,56,59,45,136,33,4,121,0,42,6,12,6,64,129,43,75,52,50,38,33,2
82992,4,38,167,97,356,102,157,94,35,24,0,12,3,68,49,105,302,180,114,136,20,14,0,36,79,36,94,289,29,351,160,65,81,63,2,31,77,34,28,171,315,105,218,95,83,30,68,0,7,91,4,23,63,59,99,101,14,33,1,5,9,5,2,140,127,77,151,101,20,78,6,66,14,43,35,81,157,92,104,98,73,157,16,19
82994,,,,,,,,,6,64,13,21,35,222,206,190,788,462,273,331,104,15,17,31,212,175,151,172,152,713,257,188,147,97,6,22,142,123,17,595,397,235,366,209,111,50,112,14,190,68,140,57,85,273,271,154,27,70,0,14,64,12,26,174,266,252,389,175,97,219,112,11,52,117,53,153,396,181,223,163,143,273,50,32
82996,29,20,581,241,477,259,302,210,39,47,14,18,99,192,150,304,436,400,251,251,55,15,21,26,177,67,210,208,96,460,143,115,92,17,7,23,101,150,67,513,418,138,357,179,32,55,98,,86,105,148,40,120,228,214,95,15,33,4,7,,,3,148,168,265,344,151,65,137,61,11,29,95,116,308,373,115,169,158,98,139,61,1
83004,,,,,,,,,,,,,,,,,,,,38,,,,,,,,,,,,,0,,,0,24,57,,,0,,,,,,,0,73,,,,,,,,,,,,,,0,,,,,0,64,8,,,,,,,,,6,0,,,,
83007,239,129,318,245,297,141,39,202,107,,,,,,,,,,,130,167,418,157,415,175,152,478,575,112,115,390,,95,223,175,207,140,38,179,332,226,93,144,108,,164,161,234,197,22,245,124,278,282,112,26,203,113,182,44,582,96,449,141,315,91,354,106,206,155,251,333,86,91,97,289,134,154,229,160,62,55,106,116
83013,110,194,179,208,20,11,33,15,81,45,447,287,372,194,265,243,16,21,27,52,79,198,84,258,90,91,226,125,64,3,35,10,11,119,263,342,97,108,365,145,17,26,16,1,11,97,259,323,130,26,99,102,97,35,5,65,44,92,290,23,300,115,325,93,69,44,16,19,30,58,168,393,102,36,125,200,20,16,38,21,18,195,226,80
83015,262,318,255,278,49,32,0,109,75,83,298,354,343,320,148,52,96,54,66,83,146,176,232,427,259,73,259,93,24,19,49,0,97,137,216,302,455,250,271,79,14,46,0,24,11,141,289,243,287,74,142,109,78,95,42,1,44,61,109,251,398,287,274,93,62,38,76,27,74,145,204,210,119,49,93,82,18,22,52,9,63,75,250,191
83032,145,282,330,181,38,25,0,51,60,142,264,261,308,296,205,85,40,60,60,68,141,110,131,412,263,99,177,54,24,23,14,0,72,113,232,303,653,56,180,75,37,24,,,,,,,,,,,,,,,,,,,,,,,,,,,,,,,,,,,,,,,,,,
83033,293,273,295,238,34,0,0,0,12,99,298,169,160,354,169,130,285,40,0,0,81,214,172,316,437,206,463,83,26,0,0,0,18,222,189,162,354,327,352,219,10,0,2,0,0,228,210,302,379,248,121,93,63,9,0,0,0,31,326,228,289,197,369,105,25,24,0,0,10,114,281,433,291,281,364,180,52,0,0,0,82,155,191,247
83034,195,192,179,73,0,12,7,0,35,30,273,142,326,36,80,90,0,77,17,26,13,334,61,243,23,12,88,120,118,0,20,2,5,66,275,374,75,5,330,130,7,31,0,2,8,148,209,229,240,15,27,26,16,3,5,46,29,20,322,64,235,49,121,16,56,20,0,17,26,105,142,,,,,,,,,,,,,
83037,388,283,475,135,0,20,0,6,63,175,3,,268,149,167,37,,,,,,,,,,,,,,,,,,,,,,,,,,,,,,,,,,,,,,,,,,,,,,,,,,,,,,,,,,,,,,,,,,,,
83048,220,193,253,239,72,49,,42,111,120,387,199,419,151,121,134,38,73,79,34,,229,282,137,170,111,267,251,34,49,,17,34,111,142,332,118,31,,151,57,42,44,28,27,119,136,173,217,36,164,,127,89,56,30,113,67,148,191,270,90,312,92,75,,93,28,115,73,261,183,25,83,109,142,,70,104,32,20,52,82,78
83049,239,188,75,150,9,7,1,29,29,132,308,208,286,182,98,34,16,30,34,6,66,196,365,330,209,89,223,75,12,2,48,0,29,92,280,333,137,72,136,44,24,12,0,2,3,146,183,350,258,139,114,82,67,77,20,13,57,44,121,176,235,131,256,65,39,26,,3,107,91,171,133,88,58,97,139,54,23,32,6,12,27,118,86
83064,449,292,208,204,29,0,0,0,33,53,231,243,97,265,217,198,186,10,0,4,47,254,316,278,295,199,429,135,54,1,0,0,0,74,88,199,354,321,341,203,19,0,0,0,0,125,193,234,328,374,153,155,79,16,0,0,1,76,241,80,345,264,387,97,53,3,0,11,8,103,181,514,226,307,226,96,40,0,0,4,71,49,186,326
83075,281,274,214,123,73,69,0,81,38,115,132,134,355,179,97,54,60,47,160,82,214,206,234,325,424,205,151,112,43,13,108,0,127,63,130,373,491,285,227,138,25,63,5,41,7,149,104,157,285,241,152,110,66,209,69,1,20,111,84,423,118,258,188,78,46,130,95,8,60,110,96,125,138,157,195,132,39,4,36,30,67,24,159,
83076,101,242,143,149,2,0,0,0,0,0,143,306,144,63,111,105,103,26,0,0,0,187,15,179,0,52,266,123,1,0,0,0,0,84,192,100,153,118,247,8,4,0,0,0,0,204,223,197,71,87,4,72,5,0,0,0,0,21,237,105,194,12,129,118,42,0,0,0,0,20,259,385,12,48,131,76,9,4,0,0,0,37,217,176
83088,1,101,153,115,43,69,55,34,10,11,3,94,78,67,89,151,126,85,35,44,8,119,0,,102,52,112,86,28,136,162,44,55,59,0,,35,64,103,143,113,39,23,7,,,,,,,,,,,,,,,,,,,,,,,,,,,,,,,,,,,,,,,,
83089,0,132,209,153,64,90,62,32,101,106,174,139,239,57,68,,57,73,123,50,69,225,124,189,120,68,298,237,86,47,176,36,33,114,79,131,76,1,151,209,105,32,,69,67,134,133,148,174,6,,31,,,,,,,,,206,93,207,52,96,87,134,,97,68,160,192,45,16,,151,86,57,156,45,12,27,86,109
83090,1,117,89,35,58,59,47,44,14,5,4,94,23,63,20,151,74,42,58,60,2,69,0,10,106,25,92,141,14,86,109,44,39,94,0,111,22,42,134,42,57,28,30,18,9,36,71,34,1,10,1,0,14,19,35,50,14,2,69,1,32,0,0,53,58,34,64,35,16,64,20,201,4,8,12,67,60,40,65,25,15,27,89,76
83096,28,133,273,131,366,113,144,84,39,33,4,16,18,44,41,156,516,103,122,169,79,28,14,17,27,77,32,359,126,265,136,93,77,21,14,9,100,90,52,211,333,97,130,83,55,105,43,4,36,85,18,24,145,118,101,77,61,70,6,2,6,8,11,196,115,147,120,118,25,46,160,65,16,60,78,153,127,90,116,63,38,36,44,9
83097,7,72,192,76,167,102,135,59,18,7,2,10,19,54,17,83,472,158,147,187,31,12,4,38,44,33,13,201,103,232,164,99,87,13,1,2,50,20,8,273,261,72,155,68,71,33,79,9,8,61,45,9,73,110,120,98,53,41,7,7,45,6,27,127,117,108,203,79,29,150,18,51,7,38,38,96,195,93,154,72,63,124,18,34
83114,138,79,126,142,96,56,4,23,84,73,211,103,172,79,49,100,33,28,78,20,35,155,132,340,239,19,177,204,62,89,96,21,18,72,68,161,41,0,208,188,82,26,8,27,19,80,120,110,193,4,75,16,103,116,28,44,108,28,102,45,136,118,184,35,38,33,62,45,64,62,243,194,14,23,50,115,87,60,75,28,5,42,45,70
83179,21,150,108,187,4,0,0,0,0,0,64,201,66,70,168,165,9,35,0,0,0,137,23,143,41,37,208,127,3,0,2,0,0,66,43,181,133,158,281,53,0,0,0,0,0,32,34,89,37,31,70,0,4,0,0,0,0,0,119,28,134,1,0,87,1,0,0,0,0,23,139,330,31,53,0,97,23,0,0,0,0,2,87,122
83182,68,67,101,98,26,0,0,0,0,0,18,162,169,40,106,157,1,3,2,0,0,153,0,65,102,60,196,94,0,0,1,1,1,67,42,178,69,73,95,10,6,0,1,1,0,63,27,119,39,92,0,0,11,1,1,0,0,0,156,13,117,0,0,17,0,3,1,0,0,26,160,241,1,19,19,120,11,0,1,0,0,18,120,66
83184,5,96,66,46,22,37,22,16,11,13,3,129,112,29,14,160,27,24,23,25,9,209,9,67,46,29,236,137,14,17,58,10,22,66,11,180,17,50,106,22,26,13,20,16,6,56,22,85,36,58,13,0,25,19,21,30,1,2,145,24,142,1,5,57,20,38,30,19,13,22,57,151,12,41,72,100,40,37,35,21,11,28,267,73
83186,4,99,121,75,97,46,22,35,18,14,0,49,34,132,8,216,46,20,33,43,6,69,5,10,62,53,147,83,17,27,94,23,20,24,0,253,73,66,142,102,51,16,29,23,7,32,59,68,6,88,10,4,19,20,20,41,3,0,102,13,215,4,24,44,31,36,79,48,18,38,103,93,8,41,30,132,101,25,63,33,15,25,112,56
83190,2,75,60,20,60,82,49,45,35,33,32,123,42,81,2,58,170,72,43,59,3,63,0,55,88,29,139,97,33,79,171,39,33,143,4,215,49,64,91,60,47,48,26,24,14,84,61,53,9,18,5,11,31,46,44,50,27,11,57,0,114,3,7,88,74,92,112,56,22,69,38,31,2,57,13,55,62,60,91,70,39,19,43,81
83192,19,88,100,108,51,40,43,38,34,12,0,49,37,39,20,36,107,30,35,39,16,50,0,83,35,20,134,152,59,81,141,40,35,59,4,31,39,15,27,127,35,42,48,20,7,65,87,2,8,64,14,2,22,19,46,56,33,13,28,1,21,3,15,63,66,46,91,67,40,49,19,139,6,32,49,64,83,64,94,49,28,38,107,50
83195,17,52,133,111,189,155,130,96,108,60,10,39,17,76,3,55,478,98,122,153,37,32,0,18,16,139,107,191,144,232,260,110,77,48,2,6,78,82,107,222,166,81,108,83,29,123,86,15,34,122,42,13,117,70,109,126,62,45,5,9,73,21,12,144,244,163,293,134,56,206,75,124,22,86,73,176,102,155,217,104,39,76,84,28
83214,308,380,441,144,19,3,0,0,92,159,400,307,237,193,244,243,104,41,1,33,108,173,264,437,493,316,308,134,7,7,0,0,72,165,270,497,347,363,243,106,27,1,0,0,69,258,303,340,588,389,258,106,41,5,0,0,85,237,351,224,430,293,472,299,22,0,0,0,99,201,449,249,349,248,359,94,57,0,3,6,73,135,217,326
83221,1,153,69,69,39,102,83,58,25,27,84,83,37,59,4,58,164,84,51,40,7,48,18,11,67,16,87,170,50,82,173,34,46,40,5,81,77,15,150,117,35,65,21,25,24,97,108,52,6,29,3,13,60,62,28,56,20,15,77,2,123,6,1,76,40,112,74,54,35,72,56,66,19,42,24,20,99,70,122,49,22,53,28,109
83222,8,156,128,73,59,172,116,56,73,57,50,86,30,45,8,102,280,94,107,67,50,80,10,14,27,35,112,247,58,95,265,81,72,35,5,107,75,52,83,298,135,159,64,93,90,122,70,42,33,53,16,54,74,115,99,135,48,32,51,11,86,76,19,142,131,181,137,121,71,90,90,73,32,131,82,76,174,83,220,80,88,28,32,58
83228,167,260,232,308,0,0,0,0,0,43,221,338,256,143,103,215,78,1,0,0,90,111,74,218,326,155,149,58,3,0,0,0,20,129,313,202,301,195,201,42,5,0,0,0,5,173,185,214,248,158,109,13,60,0,0,0,58,25,184,121,333,92,177,119,34,51,0,0,5,100,301,445,224,240,269,42,0,0,0,0,30,186,206,268
83229,18,184,149,154,204,178,149,59,38,32,78,103,30,122,26,507,549,155,159,94,56,162,48,6,78,19,123,449,244,97,493,176,56,57,27,102,170,46,201,331,304,278,58,91,62,209,319,101,36,71,75,49,411,170,163,137,31,74,35,11,36,29,38,231,231,308,198,211,109,209,209,158,48,143,129,107,247,241,199,60,93,28,59,194
83235,129,169,274,193,0,0,0,0,5,4,318,357,286,112,96,349,190,35,0,0,39,272,179,192,350,112,279,124,3,0,0,0,30,213,154,182,153,298,456,131,46,0,0,0,0,179,359,362,326,190,172,92,29,0,0,0,2,19,390,115,499,75,196,177,33,3,0,0,7,116,232,377,206,132,267,185,40,0,0,0,5,140,379,278
83236,216,152,299,141,7,0,0,0,10,2,122,202,138,72,127,219,57,59,0,0,6,0,,,,,,,,,0,0,0,105,145,233,193,138,191,27,2,0,0,0,0,181,207,226,111,65,47,4,6,1,0,0,0,15,299,35,342,55,88,68,3,0,0,0,6,44,189,256,29,115,92,98,1,0,0,0,12,13,154,290
83242,12,169,193,97,32,69,24,32,26,10,128,161,141,58,93,287,89,65,33,25,17,306,20,81,60,25,107,193,39,4,75,21,20,174,33,132,127,56,187,122,90,32,29,47,10,47,123,96,15,139,5,7,62,59,31,33,0,62,122,5,256,9,74,53,47,70,48,67,35,12,78,228,21,95,147,92,48,30,27,16,19,83,240,154
83244,3,206,73,20,12,40,14,11,8,2,18,171,73,46,7,89,34,32,31,18,16,295,6,26,48,39,306,62,28,2,87,20,14,55,4,58,52,11,31,41,12,9,39,18,15,12,94,104,6,20,5,7,20,27,24,28,1,5,37,1,207,10,6,8,16,21,29,26,42,5,49,155,7,55,129,29,23,24,14,6,18,5,88,226
83249,3,82,118,90,172,147,97,85,51,65,92,118,23,78,8,89,415,131,82,70,15,46,7,5,30,39,141,197,75,174,319,56,63,46,2,71,180,15,64,181,116,124,58,66,25,170,130,60,10,51,13,24,124,72,74,96,45,32,57,0,35,32,15,190,175,118,190,103,63,88,38,69,21,100,36,74,130,134,156,119,71,72,42,38
83264,558,324,264,106,3,0,0,0,51,224,304,294,235,306,235,67,28,7,0,35,76,98,308,201,260,297,282,28,14,3,0,0,0,130,137,271,406,474,298,92,0,30,0,0,110,242,251,252,426,263,135,167,21,24,0,0,82,132,202,157,334,421,385,214,59,0,0,0,21,118,318,404,213,323,244,119,,,,,,,,
83267,298,302,175,207,1,0,0,0,32,102,193,176,145,222,240,89,51,53,1,18,121,175,186,206,522,239,208,26,6,44,0,0,0,134,145,307,390,449,230,144,0,11,0,4,49,100,205,220,220,286,216,159,82,15,0,0,76,104,24,136,336,322,270,200,0,6,0,0,39,210,129,436,275,558,383,44,32,2,4,0,56,91,124,350
83270,269,613,241,208,0,0,0,0,41,71,256,331,272,432,276,379,15,44,0,14,129,173,234,302,276,337,239,113,3,3,0,0,2,103,288,408,496,274,302,117,0,8,0,0,39,129,197,256,348,286,254,55,90,8,0,0,14,161,183,258,398,306,421,166,8,32,0,0,62,281,288,304,201,411,259,153,1,0,10,0,92,26,347,456
83286,62,126,118,107,0,0,0,0,25,0,356,170,183,57,36,251,95,2,0,0,34,0,72,263,30,30,203,45,8,0,0,0,,169,223,247,266,55,153,28,0,0,,0,0,135,167,288,104,152,149,32,7,0,0,8,0,20,243,16,109,10,127,30,0,0,0,0,1,93,330,347,3,99,122,66,15,0,0,0,0,17,190,118
83288,163,106,41,153,0,0,0,0,29,0,178,154,103,106,159,92,19,8,0,0,3,181,27,181,26,45,152,122,30,0,0,0,7,86,165,97,130,70,168,36,10,0,0,0,0,94,135,199,49,36,48,0,34,2,0,0,0,15,294,1,75,34,79,58,16,25,0,0,3,90,128,238,12,35,94,40,4,4,0,0,0,29,232,118
83292,24,105,197,13,12,9,19,0,3,6,130,105,95,0,50,93,67,27,10,3,7,185,11,47,4,9,136,95,3,5,20,6,4,60,175,148,33,25,157,38,7,2,6,6,0,85,112,66,6,18,5,1,32,9,10,17,2,0,187,4,182,0,0,11,49,29,10,13,4,12,20,150,6,6,101,72,3,7,13,0,4,79,149,216
83295,5,175,132,27,24,96,12,24,31,12,60,120,112,35,22,125,58,70,52,36,18,124,18,28,52,28,182,107,21,26,106,42,65,55,60,99,120,12,106,116,60,30,70,42,5,81,74,52,7,45,13,23,63,2,35,67,11,27,60,1,105,72,22,31,37,20,67,66,56,37,72,145,74,90,50,94,77,5,63,30,28,12,165,170
83309,509,226,280,276,20,0,0,0,35,189,226,210,94,422,425,180,58,26,4,98,114,208,67,364,497,336,241,18,29,26,5,0,15,282,266,286,314,316,292,157,15,49,0,37,37,140,196,355,309,360,166,100,172,23,0,0,41,58,177,242,428,249,309,79,6,54,0,0,35,248,220,375,240,422,350,187,24,20,36,0,107,230,209,290
83319,331,284,185,91,0,0,0,0,17,59,167,281,192,187,156,164,1,43,0,38,35,189,192,417,312,89,139,33,8,13,0,0,6,152,357,267,425,207,294,64,0,4,1,0,9,173,77,278,552,150,143,37,57,11,0,0,56,118,201,218,513,191,228,36,59,6,0,0,3,275,233,415,160,244,268,61,0,4,1,0,79,111,197,382
83332,184,182,250,149,5,0,0,0,25,30,330,269,169,164,160,243,88,2,0,17,39,253,218,325,134,87,217,58,68,0,0,0,27,151,231,280,342,128,234,107,14,0,0,0,0,192,184,296,374,106,71,40,20,0,0,0,6,14,380,150,301,80,300,212,12,12,0,0,10,54,156,325,152,121,303,130,67,0,0,0,1,118,201,204
83334,254,210,215,222,4,0,0,0,,0,333,134,148,154,145,93,84,16,0,9,0,240,138,212,110,46,174,59,13,0,0,0,,59,258,292,119,218,204,45,7,0,0,0,,121,150,277,252,46,213,45,14,1,0,0,,33,340,63,229,141,228,94,0,1,0,0,,80,107,263,111,167,304,109,18,0,1,0,,208,173,277
83338,83,185,112,50,0,0,1,0,12,0,162,117,159,19,185,73,13,8,0,0,11,203,14,116,42,55,118,23,2,0,0,0,0,21,148,41,37,5,31,41,3,0,0,0,0,69,79,27,76,76,30,0,3,2,0,0,0,0,228,34,17,1,95,37,0,0,0,0,0,38,92,397,10,4,26,36,10,0,0,0,0,29,130,73
83339,82,81,127,58,0,13,5,2,40,5,175,160,54,43,185,81,5,11,17,1,14,210,45,175,15,17,213,50,17,1,18,6,0,72,147,142,28,139,129,44,7,0,17,1,0,48,119,233,51,53,12,0,12,10,12,13,3,0,455,46,203,0,87,7,7,8,12,5,9,30,73,293,10,33,40,29,14,19,10,1,1,64,159,182
83344,115,74,103,15,1,22,14,4,33,13,166,95,161,36,127,195,21,37,10,19,29,178,10,56,50,7,176,78,17,20,44,20,13,42,237,174,32,32,91,68,21,7,26,6,11,73,110,116,17,29,12,2,30,22,18,55,7,48,258,4,95,65,2,59,11,35,17,20,21,29,33,233,59,30,37,29,16,38,26,5,4,50,207,167
83350,310,213,214,85,0,0,0,0,,,,,,,,,,,,,,,,,,,,,,,,,,,,,,,,,,,,,,,,,,,,,,,,,,,,,,,,,,,,,,,,,,,,,,,,,,,,
83358,401,198,202,169,82,0,0,0,35,51,188,280,110,282,384,87,35,58,0,80,91,171,317,471,314,350,130,141,2,1,0,0,2,89,226,229,297,330,325,64,5,16,0,0,5,167,113,106,398,224,287,117,126,53,0,0,16,143,369,275,250,390,261,101,6,49,0,0,13,217,318,439,231,259,347,183,74,22,7,0,48,115,274,438
83361,356,69,141,39,,,,,,,,,,,,26,50,45,30,90,73,176,111,354,352,359,352,76,27,3,14,0,4,137,141,133,337,371,365,163,2,22,1,14,3,126,120,148,292,285,245,51,264,33,0,0,40,26,162,222,194,269,317,79,20,47,11,0,46,139,176,227,325,267,260,121,143,9,49,0,47,50,231,156
83363,305,198,302,267,114,0,0,4,56,99,225,279,35,265,,,8,16,10,31,9,105,168,234,214,333,284,105,69,3,2,0,0,127,274,211,474,323,268,106,9,52,6,27,28,87,164,440,424,282,226,217,178,101,2,0,73,163,265,224,348,239,194,174,26,83,9,0,44,174,267,314,394,446,348,180,90,16,36,2,81,229,340,182
83364,332,155,165,160,52,0,0,12,29,82,85,461,153,244,273,111,43,61,13,22,77,142,183,364,291,170,155,147,68,0,9,0,9,73,127,31,316,344,359,64,0,13,1,11,6,41,47,231,190,136,169,29,109,52,6,0,20,26,324,140,253,214,433,91,18,36,13,0,45,121,80,245,195,230,158,113,106,16,49,0,63,62,153,211
83368,393,161,311,208,4,0,0,0,21,61,113,356,302,280,169,116,6,10,0,24,24,84,208,452,265,242,302,27,0,7,0,0,14,47,168,182,369,199,531,53,4,29,4,0,4,140,120,293,342,67,130,181,11,11,0,0,35,89,259,208,511,128,205,82,18,37,0,0,20,149,161,301,304,248,144,92,0,8,27,0,30,124,70,247
83373,380,252,255,195,0,0,0,3,32,30,197,271,180,153,172,225,43,5,0,29,36,203,120,230,253,91,202,81,6,2,0,0,0,225,297,321,79,129,250,60,25,0,0,0,7,246,208,367,174,175,194,63,61,14,0,0,55,63,331,43,291,164,177,116,30,12,0,0,50,126,111,181,35,110,344,170,12,6,1,0,9,156,219,260
83374,328,312,294,165,13,0,21,1,38,77,227,453,282,266,406,183,20,16,1,27,100,254,228,555,120,160,197,81,0,4,3,0,1,152,255,244,512,106,384,68,0,36,0,0,7,219,288,322,550,248,144,74,11,42,0,0,12,22,285,141,376,118,131,99,29,8,0,0,27,145,232,316,224,233,258,74,0,1,1,0,39,66,256,227
83376,300,397,195,166,3,0,0,0,68,51,234,378,228,329,280,227,31,12,0,45,95,244,257,338,237,224,211,217,0,16,0,0,9,189,320,421,236,288,337,34,22,8,0,0,6,212,234,264,327,180,204,163,23,22,9,0,9,84,289,202,501,231,312,76,51,24,0,4,14,144,265,344,270,252,277,298,4,0,3,0,65,46,179,317
83377,201,228,235,210,0,0,0,3,80,39,271,323,205,135,81,376,61,9,0,73,50,296,199,308,121,37,245,239,28,0,0,0,0,190,254,318,127,172,243,69,14,4,0,0,7,264,334,325,270,115,197,121,44,2,0,0,33,110,445,142,492,190,190,95,22,6,0,0,66,107,279,354,153,139,342,249,3,10,8,0,16,201,192,367
83379,229,163,157,165,0,0,0,11,70,23,196,302,236,164,101,280,8,9,0,63,32,219,154,368,176,61,273,60,10,0,0,0,0,112,192,292,336,104,191,64,6,0,0,0,8,149,274,267,285,54,138,78,21,9,0,0,4,50,269,103,350,175,293,90,12,29,0,0,58,108,189,320,85,185,287,152,11,9,0,0,2,67,197,230
83384,304,63,185,93,0,0,0,0,24,0,287,307,175,114,86,130,19,10,0,29,32,146,130,324,57,33,204,78,33,0,0,0,6,93,304,357,246,59,295,58,2,0,0,0,1,88,203,210,175,23,70,0,5,0,0,0,2,7,283,32,293,86,210,49,11,27,2,0,20,62,87,403,67,54,107,27,0,7,0,0,0,18,94,334
83386,84,54,74,105,0,0,0,0,13,1,178,279,215,83,100,104,16,12,0,7,14,248,56,302,27,61,185,85,20,0,0,0,12,29,365,216,194,119,387,50,13,0,0,0,0,55,196,282,128,21,55,0,25,0,0,0,0,1,468,24,307,26,148,124,1,0,0,0,5,71,129,297,50,25,50,5,14,0,0,0,4,56,191,210
83388,113,115,134,92,1,0,0,0,3,0,222,118,164,70,53,18,14,5,0,0,4,182,58,170,82,72,192,38,7,0,1,0,0,7,220,209,45,121,261,29,0,1,0,0,0,97,76,85,84,66,10,1,4,0,0,0,0,0,208,17,143,54,58,52,0,1,0,0,0,61,124,376,14,52,100,77,1,0,0,0,0,21,130,81
83389,42,106,158,67,4,0,0,0,14,0,192,162,248,48,75,251,15,0,0,0,10,253,45,158,35,35,147,78,4,0,0,0,5,62,360,200,153,69,327,,6,0,0,0,0,92,171,147,85,30,67,6,23,4,0,,,,,,,,,,,,,,,,,,,,,,,,,,,,,
83393,154,178,172,25,2,10,14,0,35,3,174,219,250,7,134,210,28,23,15,33,7,173,122,34,11,29,272,86,47,4,8,1,8,44,277,238,113,17,175,88,10,2,10,5,0,77,201,201,105,43,28,0,35,3,4,27,14,4,386,43,254,13,50,54,53,30,20,5,26,43,160,276,14,9,89,42,5,25,34,3,0,48,194,89
83395,95,40,172,184,0,0,0,0,4,0,104,194,216,25,83,71,9,0,0,0,3,193,127,207,17,51,153,17,11,0,0,0,0,20,203,203,91,43,167,8,1,0,0,0,1,118,82,184,90,29,29,40,41,0,0,0,7,0,334,32,157,2,64,64,0,0,0,7,1,33,201,355,31,31,65,13,0,4,3,0,1,31,93,171
83398,147,118,205,37,16,197,97,67,45,51,210,209,148,39,234,334,179,230,128,125,50,257,24,6,39,196,292,182,159,40,241,80,84,62,191,242,176,79,220,332,124,92,143,93,107,189,355,73,93,103,172,55,225,164,169,199,137,82,178,23,205,136,54,115,254,402,255,222,247,216,241,579,191,164,288,101,127,219,248,26,43,171,172,160
83405,365,296,252,86,5,0,0,32,4,102,57,125,255,149,232,64,34,3,35,11,122,73,128,151,326,353,110,51,77,0,0,0,8,103,147,173,367,263,273,53,42,14,0,0,0,34,101,82,50,160,92,89,0,,,0,75,53,241,222,259,123,106,64,27,58,,0,37,146,100,171,17,374,241,76,126,8,0,,,,,
83408,43,157,78,34,0,0,0,0,10,0,138,275,173,72,122,164,6,0,0,0,0,163,32,325,50,70,212,114,2,1,0,0,1,39,165,158,117,120,259,10,0,0,0,0,1,0,389,159,97,20,51,1,1,0,0,0,0,7,400,12,263,6,83,98,1,0,0,1,0,0,93,294,1,33,197,53,2,,0,0,0,35,130,230
83410,411,92,160,271,47,0,0,0,16,72,208,251,108,228,245,30,52,62,6,19,58,149,234,251,288,218,162,40,17,0,1,0,19,164,206,167,319,150,318,38,1,0,0,1,5,143,64,109,572,180,53,65,81,100,0,0,44,53,287,80,312,142,111,110,23,45,0,0,11,104,95,332,163,12,159,124,33,2,24,0,67,103,185,279
83423,281,294,374,202,53,0,0,0,52,109,197,246,179,148,186,258,41,31,2,17,71,196,195,444,98,208,190,188,0,14,0,0,17,108,282,450,288,240,367,62,0,15,0,0,1,300,245,293,467,358,268,176,40,18,3,0,57,93,225,189,354,125,235,44,44,7,0,1,33,135,274,530,144,188,361,325,20,0,16,0,31,69,170,338
83428,278,152,201,108,0,0,0,0,58,4,263,220,242,207,48,146,17,4,0,19,69,275,133,279,147,49,233,77,20,1,0,0,13,184,202,272,187,61,469,59,3,0,0,0,0,136,182,329,194,187,91,22,13,0,0,0,19,29,381,108,288,73,182,78,21,52,0,0,68,139,151,244,46,138,202,140,6,0,0,0,2,28,207,271
83437,135,164,252,83,4,0,0,0,10,2,313,398,204,69,63,65,5,0,0,0,48,324,136,219,38,17,262,16,52,0,0,0,3,86,302,282,149,9,173,66,9,0,0,0,0,66,192,411,158,5,41,18,40,1,2,5,10,30,274,37,327,5,102,99,0,2,0,0,38,73,196,415,25,13,77,35,2,2,0,0,3,87,142,93
83441,79,63,36,77,0,1,0,0,22,1,352,261,119,5,35,204,23,0,0,7,3,187,57,80,28,89,248,75,17,1,6,0,0,26,303,242,53,28,131,39,2,0,3,0,0,95,138,217,66,48,25,1,64,0,1,1,6,3,243,55,165,63,101,17,15,8,0,18,1,34,226,303,26,18,93,12,9,12,5,1,0,67,218,137
83442,47,137,85,54,0,0,0,0,36,0,216,243,195,20,23,38,16,8,0,2,1,141,67,170,50,133,262,3,31,0,7,0,0,93,216,106,81,19,172,13,1,0,1,0,0,49,125,156,60,6,15,40,98,0,9,5,8,7,285,40,148,31,53,47,16,6,0,0,14,28,125,308,14,3,26,33,0,5,2,0,0,53,186,155
83446,86,126,106,3,3,60,45,39,26,22,157,98,156,36,202,215,86,107,28,57,50,193,27,126,54,59,221,114,54,14,62,23,55,64,238,137,87,54,262,276,55,8,51,7,4,241,144,205,77,67,55,14,65,48,47,138,65,63,207,11,110,35,25,132,36,91,60,93,87,74,280,260,69,72,102,54,41,121,143,18,21,127,116,120
83452,111,56,205,106,7,0,0,0,19,2,238,301,212,134,86,85,3,20,0,0,88,319,61,193,42,33,165,6,46,16,1,0,0,83,244,306,150,16,217,39,0,0,0,0,0,109,213,305,112,50,45,1,54,0,3,2,2,4,219,50,172,21,166,27,0,2,0,0,26,121,235,614,49,6,35,65,0,2,0,0,29,82,84,82
83464,303,317,384,244,62,2,0,1,12,150,194,211,141,217,222,54,16,29,6,20,198,207,289,333,190,214,358,165,6,2,4,0,10,197,202,216,244,240,359,93,25,30,0,6,19,114,124,260,342,327,244,182,50,52,3,0,74,78,286,155,279,204,371,162,39,9,0,3,7,97,140,227,140,176,249,243,1,9,56,0,91,152,278,309
83470,286,297,414,231,24,0,0,7,15,109,244,141,176,255,303,39,16,35,6,23,95,188,265,343,223,284,253,59,11,0,25,0,3,142,284,205,257,259,419,70,1,63,0,4,10,264,145,165,210,387,215,82,60,19,1,0,97,53,255,139,30,192,533,131,7,45,0,0,16,97,341,110,,134,357,130,0,13,58,0,61,65,385,335
83479,195,250,186,167,0,0,0,0,37,26,153,343,243,173,144,251,1,20,0,45,64,149,109,411,95,100,227,129,12,0,0,0,8,160,273,407,303,61,547,44,0,1,0,0,0,141,181,481,377,93,114,13,20,33,0,0,22,32,393,166,373,134,260,169,17,25,0,0,16,81,184,381,135,73,130,155,5,1,14,0,12,19,244,210
83481,411,338,235,57,6,0,0,0,62,2,211,280,383,131,220,94,1,5,0,30,38,209,84,413,125,83,180,77,61,4,0,0,4,202,312,355,346,107,410,29,11,2,0,0,0,151,148,571,228,98,138,38,12,16,0,0,14,25,272,78,336,62,299,127,5,11,0,0,12,65,124,280,132,44,119,120,0,2,12,0,1,46,399,229
83483,225,132,189,68,0,0,0,0,12,19,118,249,129,81,165,60,0,0,0,29,44,277,142,335,78,52,156,120,11,1,0,0,1,115,165,173,150,17,394,54,0,0,0,0,0,153,143,425,222,21,107,5,7,0,0,0,1,4,369,123,187,3,145,79,14,1,0,0,42,35,202,408,40,67,90,26,1,11,2,7,2,67,232,111
83485,145,152,93,87,19,1,2,2,30,4,184,237,255,57,51,68,5,3,1,4,23,330,81,277,6,101,117,36,56,1,5,0,0,133,300,226,158,56,175,97,8,0,6,0,0,83,269,424,112,14,107,0,77,0,0,9,20,16,231,68,222,10,63,76,0,8,0,0,22,45,251,596,15,0,119,4,0,6,4,3,2,65,228,153
83488,115,191,91,35,47,3,1,4,30,29,246,300,301,73,82,35,0,5,1,7,34,407,67,231,7,8,142,45,49,3,7,0,1,104,341,151,87,13,135,60,9,3,6,4,3,69,260,302,169,36,111,19,82,1,1,20,23,9,304,46,192,6,83,36,17,31,1,4,10,92,171,820,28,8,104,57,1,14,16,9,6,96,177,76
83492,129,169,111,98,0,4,6,18,38,3,341,,,,,,,,,,,,,,,,,,,,,,,,,,,,,,,,,,,35,229,157,180,44,28,37,57,10,17,88,27,13,466,52,190,30,110,40,39,39,3,11,36,43,95,519,70,54,111,28,10,47,16,23,2,133,142,217
83498,118,85,213,9,65,242,75,27,47,36,321,194,199,13,149,163,52,57,56,154,93,242,46,12,20,35,175,258,187,65,79,56,91,81,463,19,33,25,202,315,84,61,50,19,33,124,242,162,37,50,187,108,192,112,79,123,68,127,310,14,67,15,145,117,37,79,187,141,69,175,228,275,65,80,186,92,64,256,207,49,7,170,168,59
83513,393,168,123,27,86,22,0,5,43,86,117,139,193,146,190,1,55,11,32,57,2,102,82,216,181,64,68,10,72,7,0,0,18,96,109,122,188,154,455,169,2,1,3,2,30,150,50,68,238,128,107,88,60,52,2,0,65,,,,,,,,,89,,,36,18,116,130,90,64,,,,,,5,,,,
83514,327,358,135,122,112,1,0,2,4,201,48,321,378,152,109,132,44,17,8,25,236,84,174,403,284,208,109,82,15,17,5,0,29,112,194,166,257,202,518,58,0,35,0,5,8,161,132,137,308,176,173,49,27,68,2,0,30,65,120,245,370,185,174,123,50,15,2,0,47,101,203,217,104,137,235,30,0,5,91,0,62,79,142,168
83521,424,378,158,110,39,0,0,7,15,176,158,358,340,202,215,71,26,31,8,24,169,137,263,323,235,116,166,83,4,22,3,0,28,200,213,220,231,210,401,68,0,26,0,5,0,106,266,296,293,212,167,110,50,65,4,0,43,45,241,255,305,193,147,140,2,13,0,0,35,59,165,218,125,118,214,60,0,6,77,0,40,27,218,134
83522,260,309,281,79,52,0,0,0,30,52,134,302,428,179,151,116,30,17,0,23,98,115,206,246,197,59,145,62,2,1,0,0,44,93,215,279,262,92,324,98,0,10,0,0,0,321,99,324,374,94,150,121,54,83,1,0,47,41,189,182,222,79,283,227,32,18,0,0,29,96,175,365,85,33,283,97,9,1,41,0,26,17,356,199
83523,289,276,152,118,28,0,11,19,6,148,99,270,248,207,79,96,18,21,7,36,146,159,236,281,180,50,128,79,4,13,0,0,23,81,248,251,307,220,553,149,0,0,0,1,0,110,,,,,,69,14,,,,,,,,,,,,,,,,,,,,,,,,,,,,,,,
83526,254,378,308,112,12,0,0,0,32,68,133,337,366,214,121,43,82,43,4,55,80,185,149,233,266,191,210,49,0,15,0,0,25,93,255,247,273,124,488,159,0,16,0,0,0,137,133,346,344,111,161,60,24,75,6,0,28,58,290,96,259,80,293,127,39,12,0,0,24,97,133,392,183,190,108,81,4,1,52,0,43,12,270,281
83531,289,231,217,113,24,28,0,5,56,26,192,516,203,188,194,107,87,56,0,29,48,85,313,368,145,147,216,88,25,16,0,0,59,135,239,483,398,82,464,73,0,24,0,0,6,134,218,416,251,153,197,74,49,51,0,0,14,36,274,146,229,78,184,135,34,7,0,1,40,130,169,293,227,73,79,187,2,1,55,0,13,114,259,243
83533,351,230,304,91,0,0,0,9,53,34,223,417,339,169,127,87,33,3,2,22,67,196,141,387,101,38,180,21,54,4,0,0,76,132,281,327,128,124,400,123,0,17,0,0,1,182,101,449,151,59,117,43,40,101,2,0,17,57,236,71,259,4,141,68,83,34,0,1,35,132,237,222,77,4,119,93,9,1,59,0,9,66,254,148
83536,306,133,139,63,0,0,0,4,54,44,268,441,204,131,214,52,25,19,0,34,54,220,91,253,243,27,263,16,42,13,0,0,8,152,247,275,109,56,197,32,0,1,0,0,0,175,217,355,241,61,71,31,39,2,0,0,2,11,269,240,255,174,203,71,42,6,0,1,76,58,102,476,50,2,48,37,1,0,24,1,2,20,119,115
83538,185,190,198,68,79,2,4,0,58,49,284,421,236,173,157,70,2,26,0,17,52,405,93,276,76,37,153,39,64,12,2,0,4,98,209,295,149,88,278,54,4,0,0,0,0,179,342,307,347,58,128,42,66,20,3,13,17,54,362,112,351,14,231,151,20,23,2,2,39,74,191,514,53,33,126,70,14,6,20,15,7,97,140,133
83546,70,110,179,98,1,8,13,22,20,25,356,199,461,26,239,144,14,32,59,45,18,266,190,95,34,49,259,121,143,13,76,5,45,26,205,261,103,199,275,153,17,27,41,8,11,231,374,211,153,66,33,62,34,12,54,179,39,18,593,25,159,36,174,95,28,20,12,23,51,105,260,631,49,68,121,86,9,83,103,47,10,216,132,115
83550,145,156,139,88,39,30,27,50,12,67,527,164,232,46,126,168,14,55,34,52,34,281,128,29,8,31,272,146,111,40,,9,30,107,174,105,85,87,214,271,42,30,121,19,34,213,194,128,122,103,37,49,56,36,115,253,42,52,266,12,161,9,28,56,45,9,84,73,48,94,344,235,110,76,71,57,5,125,114,145,32,256,71,51
83552,240,208,45,79,116,0,1,42,18,91,116,101,117,179,169,34,40,30,61,19,9,103,47,258,209,109,91,9,77,3,7,0,34,74,98,51,250,345,242,81,2,4,12,20,22,136,45,93,108,94,111,182,77,48,1,0,21,20,225,155,205,74,179,90,55,73,10,3,37,51,115,274,156,126,332,37,168,2,,,,,,
83557,80,159,124,83,2,3,42,26,22,18,344,82,,12,151,80,8,29,22,40,9,219,138,61,19,31,238,174,52,16,76,2,39,50,298,182,101,103,195,254,30,44,85,25,22,160,297,156,140,62,43,42,90,18,65,233,44,40,340,8,213,4,47,81,58,20,21,68,92,147,167,506,64,179,131,50,6,95,69,45,16,246,126,80
83565,332,216,314,125,51,0,0,22,7,71,145,198,304,167,232,4,46,27,12,34,251,124,166,302,335,213,291,94,20,4,0,0,39,100,91,177,319,244,595,62,38,38,0,12,3,104,57,79,278,65,65,56,50,149,2,0,86,53,185,171,219,212,194,123,5,83,23,0,20,132,56,130,132,242,161,73,25,8,100,0,83,87,210,183
83570,405,130,220,47,3,1,0,20,64,45,231,380,163,259,92,46,4,19,0,21,47,92,88,223,94,34,186,19,30,11,0,0,27,89,190,328,162,79,437,80,6,12,0,0,0,176,173,339,235,97,82,39,6,20,0,0,35,9,202,97,309,41,217,179,39,7,1,1,43,55,121,263,45,1,95,38,2,0,64,0,12,39,240,137
83574,,170,252,124,16,0,0,18,16,73,78,395,,183,239,,,,,27,44,70,169,285,298,253,147,66,11,14,0,0,58,108,116,146,206,144,550,104,11,30,0,16,7,226,203,332,361,175,92,158,61,103,2,0,62,54,226,268,212,345,109,104,0,,,,,,,,,,,,,,,,,,,
83577,342,385,321,235,75,0,0,19,40,69,121,450,291,251,201,48,41,29,11,21,88,152,153,339,411,169,212,96,18,10,1,0,72,176,367,226,285,188,629,301,1,25,0,3,2,152,149,214,416,156,129,87,73,91,10,0,31,36,222,169,293,154,230,168,98,37,15,0,69,140,190,225,178,121,149,62,2,1,62,2,24,107,210,309
83579,237,290,284,107,9,29,0,12,74,69,134,417,265,152,298,140,62,19,5,69,58,201,189,310,178,165,210,79,42,11,1,0,113,181,315,201,267,169,345,100,0,18,0,1,13,176,122,333,495,106,128,107,52,84,4,0,36,91,124,160,304,126,285,76,87,11,0,15,29,178,204,181,81,53,234,202,18,4,87,0,9,101,338,206
83581,331,211,376,112,0,5,0,49,78,35,257,487,321,266,135,51,,,,21,51,237,161,429,163,60,210,52,48,1,0,0,61,147,334,306,240,28,171,28,1,12,0,0,0,145,356,672,332,37,153,32,30,39,3,0,0,75,255,173,243,56,137,73,63,19,1,0,38,113,118,316,105,4,155,71,8,4,51,0,3,161,262,128
83582,648,266,136,268,14,4,0,22,99,46,113,430,440,224,193,121,48,32,2,45,116,154,91,232,226,118,273,124,37,2,4,0,102,161,174,233,327,133,275,198,12,18,0,0,10,162,71,403,460,44,107,46,96,80,3,0,15,68,261,94,333,34,253,124,94,18,5,6,85,147,228,291,71,15,81,58,33,2,78,0,3,64,408,112
83586,325,109,238,89,0,0,0,16,39,86,170,401,328,209,174,68,32,2,0,12,55,282,110,364,154,118,191,55,46,6,0,0,34,106,265,358,164,69,355,15,1,5,0,0,0,119,265,453,383,32,203,55,34,14,0,1,8,29,211,96,160,54,119,71,57,8,0,0,31,58,123,476,59,0,74,74,0,1,51,0,5,52,131,104
83587,305,209,347,144,0,2,0,47,100,53,216,601,313,216,273,42,20,39,0,23,103,344,214,564,291,71,248,85,27,1,0,0,71,217,397,293,318,67,335,99,5,15,0,0,1,179,289,720,408,34,196,111,61,17,0,0,23,32,310,143,427,75,128,99,47,23,0,0,33,138,108,495,104,23,74,236,18,13,48,3,2,69,215,138
83589,186,156,194,74,4,2,0,17,58,136,289,478,503,80,109,152,5,27,1,11,93,163,129,367,151,60,318,62,55,13,5,0,2,92,276,414,151,56,495,77,9,2,1,0,1,219,424,435,343,61,95,28,73,10,0,26,16,76,368,150,262,109,150,110,59,49,1,1,47,72,149,630,127,20,58,95,8,6,19,17,2,145,217,181
83591,255,149,205,93,7,1,0,63,80,83,176,376,401,268,242,155,9,53,1,4,99,298,222,390,65,35,239,185,62,3,4,0,9,144,263,364,160,42,316,49,5,14,2,1,13,191,382,616,342,13,166,13,52,6,2,18,7,40,360,77,243,64,134,74,58,28,0,3,53,113,171,548,128,81,95,97,1,5,26,25,1,98,261,219
83592,168,152,173,92,7,19,2,21,31,33,254,261,261,88,152,84,29,32,2,9,161,147,70,342,85,50,249,63,32,2,2,5,7,99,184,484,149,28,260,64,7,10,1,0,9,114,257,333,208,16,113,45,75,5,2,12,14,22,387,45,246,173,175,53,71,22,19,5,46,80,167,470,45,39,132,88,52,0,19,2,7,118,127,125
83595,155,74,76,66,2,0,2,2,12,8,251,173,186,5,111,115,14,62,5,7,14,243,55,145,26,26,72,89,66,2,27,2,15,92,325,300,91,63,169,128,1,16,12,0,8,124,177,161,182,16,8,46,37,2,0,61,34,13,330,45,,117,134,59,39,28,2,7,31,123,171,822,,52,45,20,27,5,21,,,,,
83596,255,184,159,79,3,5,38,5,10,52,290,231,200,,152,117,3,63,26,48,7,327,52,138,14,27,140,166,47,7,92,7,15,79,203,219,85,55,263,183,2,26,55,5,16,173,188,134,163,39,12,13,31,49,1,104,21,9,134,35,87,35,130,14,41,137,11,32,24,138,195,642,125,91,88,68,6,33,64,98,25,,,
83597,163,166,103,165,18,24,24,23,10,47,326,281,290,83,9,,,,,,,,,,,,,,,,,,,,,,,,,,,,,,,,,,,,,,,,,,,,,,,,,,,,,,,,,,,,,,,,,,,,,
83611,64,83,216,93,82,5,0,52,56,70,62,186,226,154,268,0,76,85,48,154,1,,,,,,,,,,,,,,,,,,,,,,,,,,,,,,,,,,,,,,,,,,,,,,,,,,,,,,,,,,,,,,,
83618,274,244,224,132,35,9,0,26,15,66,95,43,334,115,191,22,58,70,51,100,143,99,70,,11,,,,,,,,,,,,,,,,,,,,,,,,,,,,,,,,,,,,,,,,,,,,,,,,,,,,,,,,,,,
83623,468,296,111,114,55,2,0,17,7,105,53,219,237,225,202,41,39,15,17,72,166,109,139,311,338,86,59,36,13,17,2,0,94,135,66,92,302,329,431,56,8,35,0,18,8,82,88,126,403,70,46,110,85,180,12,0,91,22,156,289,230,168,152,36,52,71,42,0,72,66,125,171,58,154,284,20,23,3,52,0,105,30,294,177
83630,342,217,209,153,46,12,0,52,28,123,148,422,349,233,227,59,93,29,20,27,132,250,216,401,426,186,195,36,34,9,3,0,101,148,218,272,270,151,351,131,2,35,1,26,14,167,164,316,347,146,206,52,31,96,37,0,86,83,185,270,257,285,257,108,125,81,12,20,66,107,148,261,132,115,75,145,13,7,60,0,46,22,222,257
83631,520,192,,174,75,44,0,27,59,145,219,374,224,240,,70,40,18,27,46,172,265,171,586,371,257,105,44,16,7,5,0,70,163,372,333,357,210,268,,4,26,1,14,9,159,248,289,338,,,,,,,0,83,,,,,,,,,,,,,,,,,,,,,,,,,,,
83632,292,238,298,141,0,3,0,30,86,52,283,444,342,230,264,27,9,30,3,29,74,276,117,414,119,88,256,54,22,1,0,0,38,161,356,335,458,43,366,47,1,15,0,0,2,190,435,685,474,83,203,69,77,30,0,0,69,69,315,63,316,102,189,133,71,31,0,0,,116,71,598,128,14,,67,9,2,45,2,6,96,255,
83635,393,241,189,117,2,60,0,29,75,27,208,571,374,195,135,112,23,30,2,36,51,216,95,363,153,81,235,11,39,0,0,0,65,157,305,212,271,116,367,144,8,22,0,1,1,171,140,451,402,38,149,66,17,107,1,0,12,15,164,137,362,84,143,87,86,21,12,0,48,182,128,216,166,66,41,89,33,10,53,0,12,83,174,199
83637,317,,287,87,0,9,0,17,79,81,161,,275,,228,53,5,34,15,48,52,209,84,173,,5,156,37,46,5,2,0,44,194,257,385,220,158,51,50,2,24,0,10,0,111,190,374,420,12,142,52,46,35,3,0,35,36,149,125,243,55,174,79,51,24,15,0,76,131,106,216,77,130,33,99,20,9,46,0,16,93,280,184
83639,236,181,85,123,13,9,7,8,102,38,377,498,410,183,231,142,33,32,34,48,112,166,94,309,78,56,251,58,94,2,12,14,25,100,349,479,66,140,471,114,2,15,1,0,0,153,212,260,222,14,99,64,99,4,6,23,33,46,226,64,271,79,182,53,73,19,6,7,63,93,157,392,92,70,104,127,2,3,36,5,12,150,271,107
83642,220,113,239,63,7,13,0,15,147,41,225,606,253,224,243,91,10,54,15,14,72,128,131,333,118,38,193,18,46,1,0,0,23,159,403,354,184,85,284,57,3,23,0,0,5,153,310,330,403,38,107,47,110,8,0,6,47,89,235,199,143,110,228,120,62,25,2,4,44,83,113,390,74,24,182,93,8,2,31,7,12,31,192,168
83648,128,173,69,73,47,42,28,27,29,109,663,136,218,49,211,230,70,47,90,86,18,406,144,2,16,57,375,139,113,69,95,21,28,47,265,0,27,77,277,384,72,38,30,13,31,142,247,252,283,74,59,30,267,93,43,238,38,56,376,43,198,39,434,51,76,85,61,83,33,69,351,714,51,41,91,95,5,51,107,83,24,287,69,86
83669,251,243,255,128,36,10,0,14,28,99,125,241,321,238,132,67,62,61,25,141,198,173,290,235,238,58,95,46,22,32,22,0,107,84,159,278,356,210,185,87,14,44,0,24,7,159,150,176,398,64,49,55,97,92,28,0,34,69,140,164,279,222,104,31,90,28,25,2,70,114,145,243,97,67,99,57,8,2,41,0,66,36,174,179
83676,341,192,128,101,32,5,0,48,13,52,107,266,206,257,144,42,33,39,39,107,164,95,133,357,201,80,120,94,12,4,2,0,92,111,62,170,331,88,241,112,4,32,0,23,20,136,153,159,218,79,77,75,83,149,,0,70,53,139,172,201,126,212,61,144,51,5,0,59,94,251,,30,150,209,67,9,0,18,0,64,14,193,
83681,367,129,336,225,54,20,0,48,74,186,161,124,278,366,82,72,74,65,28,94,165,296,209,358,220,151,164,57,26,19,14,0,70,120,191,401,312,83,182,129,30,25,0,10,26,174,54,195,293,107,133,71,77,66,34,0,32,50,169,211,380,225,319,103,93,34,41,7,76,124,231,173,43,70,125,105,34,6,34,4,51,50,212,366
83683,230,138,238,142,38,27,0,31,91,108,167,207,210,403,114,187,52,46,25,68,120,128,51,353,212,135,151,66,33,17,19,0,44,111,136,248,421,169,285,93,30,29,0,4,3,204,117,264,313,90,113,45,62,100,16,2,71,109,134,335,500,214,196,58,58,23,53,5,65,70,288,157,61,86,133,107,18,6,37,5,43,51,182,237
83687,263,243,194,111,3,14,0,14,88,107,190,419,320,182,165,130,20,25,14,31,128,125,102,383,107,68,98,51,10,3,14,0,43,143,303,289,349,103,319,61,10,35,0,11,1,132,173,441,529,80,133,39,42,95,16,0,17,47,153,140,500,70,171,55,63,14,13,2,64,86,180,162,220,34,78,123,20,4,45,9,34,60,224,237
83689,242,252,280,141,2,10,1,12,88,109,232,466,296,244,150,50,10,29,13,13,98,247,150,310,274,74,277,67,36,2,32,0,38,205,339,342,183,28,264,72,9,37,7,5,12,144,204,400,325,51,198,43,105,69,2,14,26,81,162,135,403,62,184,45,63,24,15,4,75,149,178,306,171,33,130,126,21,13,36,61,15,51,337,138
83692,301,324,327,128,4,33,0,5,65,201,266,481,187,261,239,73,16,26,36,6,54,297,281,479,273,77,367,104,46,0,20,0,38,114,275,473,316,53,327,151,13,17,3,9,3,123,317,345,397,108,93,71,108,54,4,5,73,49,274,209,291,102,399,56,56,28,60,11,94,58,168,484,130,60,95,130,11,34,30,12,5,63,180,156
83695,185,230,75,165,13,3,16,11,57,50,286,406,377,176,204,83,4,78,1,20,131,105,73,228,99,60,129,55,22,0,23,12,15,156,362,384,70,56,481,52,23,12,3,0,12,150,153,177,345,11,207,88,130,15,9,38,45,38,236,61,201,72,275,19,30,32,16,34,52,49,159,436,21,67,139,102,47,6,29,19,11,159,266,104
83696,302,263,155,114,41,29,35,15,73,129,,425,311,160,144,102,32,50,21,39,83,212,202,,89,136,200,100,77,3,76,22,47,,270,367,212,69,298,74,76,46,31,35,,155,237,294,342,63,169,119,,42,8,56,52,31,408,66,208,184,288,,59,46,78,91,71,125,200,291,51,58,,134,13,75,67,30,24,82,135,244
83698,224,131,119,21,22,43,8,4,64,61,526,371,137,52,115,120,29,36,26,14,34,221,73,151,19,55,115,42,31,26,54,7,9,100,127,85,120,5,192,28,42,9,3,20,12,102,96,110,203,18,90,12,176,95,7,60,22,6,159,14,136,50,215,50,46,10,100,75,53,21,186,234,23,6,144,112,2,27,168,13,4,24,99,54
83702,306,538,44,131,99,40,33,168,82,100,283,95,212,154,91,0,167,134,132,133,63,317,122,301,258,223,164,79,317,10,71,3,300,109,180,92,204,147,67,214,26,79,79,54,50,186,164,98,231,158,109,286,49,346,9,26,79,211,171,214,138,123,157,232,139,247,11,4,39,313,207,61,173,199,208,78,153,80,149,19,234,69,287,112
83704,238,240,48,119,56,24,1,131,80,123,218,67,239,152,70,0,141,65,145,153,94,275,192,201,247,157,98,67,113,7,50,7,409,116,160,239,220,284,148,270,8,85,112,20,66,232,171,115,144,136,81,150,90,312,16,5,131,108,151,166,87,166,228,140,47,193,26,0,105,187,140,110,160,228,148,68,148,50,,,,,,
83714,266,252,333,195,19,66,0,119,83,160,237,264,315,342,132,92,104,46,112,68,140,147,87,426,182,122,249,125,49,20,67,0,90,193,173,269,389,319,353,182,35,44,2,19,27,182,254,205,300,172,99,167,80,149,67,10,40,165,156,291,419,294,192,81,93,33,88,8,56,169,187,244,82,116,111,80,38,32,47,22,69,57,154,131
83716,199,194,212,112,65,14,0,77,22,116,82,74,564,211,94,20,54,39,106,153,155,233,170,259,420,158,110,45,29,20,0,0,237,107,90,183,239,326,110,75,9,48,18,24,8,210,123,190,226,147,124,1,76,,,,,,,,,,,,,,,,,,,,,,,,,,,,,,,
83718,323,224,247,79,33,30,16,6,65,64,184,458,338,78,170,77,12,32,30,3,70,123,310,336,103,36,250,93,41,2,36,4,29,122,272,340,265,91,269,137,44,13,2,39,1,159,211,356,482,44,162,70,87,18,5,47,,31,208,96,188,91,202,23,31,38,24,33,46,0,168,373,51,9,77,,16,39,27,39,1,53,186,94
83726,179,193,161,93,30,32,0,47,34,79,51,175,336,177,314,98,35,31,72,160,135,82,248,404,357,111,194,120,13,19,35,0,78,88,61,151,437,346,284,87,6,43,0,13,13,179,134,230,347,98,44,147,98,192,43,2,77,97,174,228,281,209,203,70,154,44,43,23,62,175,156,120,72,42,162,96,45,3,29,2,116,58,196,290
83736,191,349,255,188,39,21,0,66,70,103,201,230,92,270,73,125,98,49,43,76,137,183,179,398,255,85,240,103,69,14,42,0,84,94,229,254,544,102,209,91,18,39,0,10,4,108,120,260,333,97,119,85,82,106,24,5,40,59,170,371,408,202,181,66,41,44,72,11,58,170,287,184,73,45,109,52,17,9,47,11,16,20,172,101
83737,227,233,311,167,52,37,1,,80,100,237,231,265,304,68,40,62,34,66,62,171,242,144,488,216,117,225,79,39,28,56,0,75,120,184,372,492,143,152,56,25,43,0,14,7,109,174,301,355,119,241,76,47,91,42,4,49,61,213,256,,273,138,133,47,25,15,3,102,162,182,148,,85,91,42,25,8,41,40,49,49,,119
83738,324,439,248,114,32,37,10,85,44,144,363,214,334,358,213,62,66,28,48,36,112,175,300,378,390,83,290,84,20,5,39,6,88,106,295,520,273,319,432,117,11,17,0,4,14,154,108,260,296,72,216,91,69,71,19,9,24,66,168,193,541,244,269,69,44,16,103,1,65,126,326,199,142,85,185,132,34,31,54,18,69,109,199,172
83743,118,132,173,95,57,50,44,52,87,73,198,131,211,77,115,97,51,61,63,29,87,177,132,288,288,87,326,280,45,43,79,21,37,118,67,292,79,9,101,165,118,33,16,9,41,110,93,116,221,63,84,45,129,71,26,18,88,66,93,37,335,78,228,78,69,25,101,6,63,61,112,186,58,9,80,100,27,43,88,18,30,28,59,45
83744,287,347,368,129,37,17,5,52,57,104,256,301,304,149,124,60,54,44,74,13,82,216,393,353,221,187,347,,72,43,30,5,36,166,231,447,348,67,324,,33,39,14,29,19,163,172,360,360,135,172,258,99,44,34,53,95,40,220,133,363,187,332,78,74,75,99,22,,117,204,216,157,35,214,181,48,50,49,35,,91,235,102
83766,184,165,217,124,86,44,22,187,87,95,197,39,360,271,96,33,82,83,250,91,238,364,204,241,366,170,241,166,75,19,29,31,117,161,98,340,262,219,108,110,8,79,92,47,6,359,132,76,263,57,102,168,78,428,40,1,72,82,107,242,203,247,166,160,159,257,51,0,101,202,94,129,196,179,151,123,96,67,109,31,180,27,112,313
83767,117,135,127,172,82,46,8,220,79,112,183,86,265,253,98,59,104,112,182,71,136,334,199,360,244,190,129,64,57,22,42,24,139,204,117,213,182,313,253,94,11,136,154,41,30,210,112,45,137,185,63,153,75,293,19,3,71,55,104,171,104,399,223,166,185,270,88,3,77,229,77,78,188,194,340,162,124,142,133,48,151,58,149,235
83773,207,237,176,235,96,78,0,152,103,146,87,139,428,146,5,,,60,207,89,228,194,222,274,414,200,141,75,33,32,67,0,58,145,45,364,310,280,110,118,0,49,19,54,3,175,22,142,246,150,37,81,29,196,5,4,68,107,37,149,244,195,206,117,89,116,34,8,54,67,7,18,46,,,,,,,,,,,
83781,319,236,181,97,80,78,0,79,44,161,165,220,352,200,126,70,50,50,180,103,192,154,177,364,480,297,184,125,65,13,93,0,105,70,110,343,494,311,164,133,30,82,4,46,7,150,141,137,333,224,188,156,83,234,75,0,19,128,92,402,169,278,174,71,42,143,91,8,81,127,124,83,238,198,227,80,46,10,21,30,59,25,118,203
83783,154,78,174,92,109,95,33,285,73,95,139,101,205,121,114,52,244,123,230,88,197,334,193,91,276,190,156,155,102,27,44,8,87,187,133,346,131,226,176,100,9,161,208,167,43,231,149,72,208,83,68,263,85,225,41,4,32,111,49,250,286,356,308,78,181,349,72,10,113,162,95,102,220,172,195,146,205,325,110,30,241,97,188,234
83784,,187,270,171,36,51,0,92,60,93,247,311,226,440,99,81,70,42,98,43,112,84,77,268,57,41,138,62,20,3,40,0,56,60,68,114,1,103,217,124,24,34,1,6,16,88,105,89,5,63,112,55,72,94,39,8,10,53,72,255,1,198,121,28,39,18,58,3,34,96,132,85,7,42,98,55,13,18,28,0,,,,
83786,349,253,261,252,74,90,0,178,196,336,487,252,286,247,0,,,,,,,,,,,,,,,,,,,,,,,,,,,,,,,,,,,,,,,,,,,,,,,,,,,,,,,,,,,,,,,,,,,,,
83788,203,200,218,192,,95,3,121,109,141,209,198,303,217,202,255,130,,183,57,141,31,143,355,412,220,359,294,,89,,44,111,133,207,586,197,62,,214,115,28,60,,66,152,101,186,218,71,101,102,191,,67,26,,106,130,100,832,130,457,93,0,60,110,,70,131,225,102,115,107,237,,93,50,111,40,47,54,,66
83789,169,215,206,156,88,69,15,85,82,80,124,139,242,120,98,142,57,66,78,48,95,156,94,319,134,160,242,331,66,67,66,23,74,107,116,179,71,27,,216,116,39,21,24,25,129,110,159,202,72,93,106,107,116,44,19,112,70,102,53,488,176,262,138,97,53,130,5,64,79,173,97,91,14,150,71,58,73,84,62,59,18,75,70
83801,160,180,155,110,52,31,23,28,58,80,135,162,117,66,111,98,74,50,82,25,95,119,122,357,239,51,386,223,49,44,50,8,37,73,90,151,166,22,113,179,91,29,12,8,22,64,79,185,184,26,166,52,141,66,29,25,86,58,71,124,446,102,192,63,37,32,79,2,55,56,126,301,70,40,149,109,47,42,65,21,61,24,61,44
83805,270,209,212,112,4,25,11,4,55,63,237,436,261,99,155,60,15,64,6,26,130,230,99,293,117,21,158,150,15,3,23,18,19,117,247,449,91,41,220,145,76,10,6,18,8,231,195,248,476,17,147,41,98,26,8,45,27,30,235,118,159,36,243,63,41,24,18,30,45,53,210,311,34,44,32,47,28,14,20,16,3,73,173,116
83807,273,222,208,157,,23,1,5,57,158,187,483,364,138,126,96,20,23,21,,93,262,97,445,,52,206,53,45,3,38,3,20,139,300,407,210,105,,83,33,14,0,15,2,145,254,279,469,34,141,75,110,21,6,22,22,35,275,,295,111,236,39,,20,18,27,60,65,183,288,66,16,81,58,12,12,24,20,0,,158,80
83811,159,112,89,204,96,141,83,190,69,242,71,47,171,169,37,17,137,122,297,142,284,242,208,262,273,105,149,199,78,71,127,39,73,216,77,193,154,204,90,57,29,158,144,422,65,266,89,95,190,120,60,241,59,282,80,3,52,152,100,199,166,321,160,154,108,422,120,30,142,203,111,104,234,116,148,88,159,284,83,67,302,62,145,185
83813,130,75,198,202,92,112,39,189,43,191,111,124,297,156,87,19,49,108,325,94,271,221,205,195,175,207,241,147,104,58,102,39,55,203,122,234,177,263,97,99,32,122,128,358,32,179,121,198,147,135,116,352,53,304,81,20,151,118,119,135,87,272,127,96,101,337,130,25,144,98,59,95,252,109,182,115,123,220,54,45,215,60,161,379
83821,451,134,264,227,161,100,20,177,149,196,151,132,265,495,111,335,96,86,427,81,259,207,144,141,,,,,,,,,,,,,,,,,,,,,,,,,,,,,,,,,,,,,,,,,,,,,,,,,,,,,,,,,,,,
83836,202,105,160,173,79,154,52,157,81,317,94,47,156,151,56,16,88,81,303,93,369,205,174,134,238,224,175,295,83,75,128,69,52,199,61,226,233,183,98,85,33,128,199,375,88,227,84,98,205,122,57,215,112,291,117,12,77,172,69,193,147,245,216,106,85,342,134,44,206,158,167,68,169,149,161,88,123,362,38,42,260,86,114,213
83842,190,135,188,174,68,146,35,165,44,278,82,65,224,125,107,53,81,71,247,89,334,161,204,177,437,179,209,207,105,86,133,47,55,152,99,322,339,293,76,108,34,109,147,261,60,192,68,129,121,199,48,183,62,226,109,31,63,160,69,255,78,198,134,51,70,309,182,39,197,104,96,49,242,110,232,81,87,210,49,63,176,117,203,156
83844,563,414,286,174,106,117,18,138,167,348,361,179,309,298,361,72,45,86,260,76,286,131,197,238,426,403,390,352,100,141,182,70,113,201,219,376,371,319,511,235,41,93,130,161,60,162,146,281,226,249,47,202,147,240,149,15,62,140,128,310,203,275,249,38,85,254,150,33,168,90,139,157,216,238,236,192,76,111,64,61,166,63,143,258
83851,305,105,134,96,80,37,0,85,51,142,109,216,340,170,165,56,51,43,192,40,154,94,214,262,417,47,142,83,31,18,57,1,53,69,92,215,252,379,119,82,18,56,15,64,1,202,64,131,294,108,63,140,40,223,83,0,23,93,126,268,179,130,149,91,50,152,50,2,66,88,110,101,116,77,119,146,36,14,27,28,90,11,206,237
83872,163,256,70,184,47,91,22,102,154,359,598,167,286,152,49,62,70,47,187,219,289,170,204,108,485,131,301,262,198,162,132,85,76,167,123,239,427,409,294,49,105,85,207,365,183,135,81,156,368,111,107,148,121,190,208,37,58,143,106,149,99,168,155,77,106,235,185,157,256,163,94,88,327,134,251,87,100,384,47,96,180,73,137,214
83881,105,112,87,411,65,157,25,105,137,357,99,86,127,137,38,26,239,109,130,222,335,189,321,203,164,160,200,379,180,76,182,72,176,145,68,318,109,278,225,149,86,357,255,190,132,283,86,63,90,92,61,193,33,124,228,16,72,281,100,319,147,126,317,152,99,210,44,213,192,158,159,164,195,94,208,250,207,555,137,78,429,107,199,167
83883,95,49,93,287,71,211,29,122,167,319,127,44,170,160,17,,197,81,145,240,440,172,232,81,164,,,,,,,66,120,159,116,392,168,248,227,120,59,292,211,267,187,315,91,57,86,99,85,197,47,102,185,2,69,231,74,290,134,138,307,182,88,235,79,218,212,286,152,129,150,147,266,242,273,539,119,87,377,110,163,209
83887,196,113,116,249,85,249,38,110,225,408,146,107,192,55,98,23,219,64,261,258,494,183,179,142,280,189,230,344,258,89,158,96,132,156,82,246,101,362,247,88,139,165,294,393,321,235,110,128,225,160,145,152,68,150,204,7,96,204,14,210,111,187,213,125,103,212,131,318,293,210,120,148,241,185,236,142,293,439,98,89,269,129,232,209
83891,168,179,116,186,68,164,37,107,154,371,156,67,179,149,83,17,90,43,239,253,374,151,245,73,217,138,213,249,227,70,133,81,147,105,208,138,261,268,170,78,122,144,240,373,212,175,72,142,192,195,56,85,29,149,154,12,129,162,19,203,195,215,179,62,86,199,77,318,221,137,146,108,183,211,121,94,235,398,77,61,233,154,195,187
83893,,,1,,,,,,,,,,,,,,,,,,,,,,,,,,,,,,,,,,,,,,,,,,,,,,,,,,,,,,,,,,,,,,,,,,,,,,,,,,,,,,,,,
83897,355,437,243,208,72,69,9,61,230,286,615,304,217,142,220,314,82,34,115,128,219,101,121,112,223,174,267,124,443,85,96,67,156,134,156,115,296,285,285,52,112,81,125,372,257,80,88,228,354,74,110,81,118,141,162,61,64,107,103,87,93,197,325,167,54,121,92,131,224,66,108,91,202,125,129,106,85,245,55,90,153,139,93,179
83907,140,137,53,195,89,189,51,132,81,484,48,40,126,132,44,7,156,102,122,194,225,176,672,215,399,244,93,151,139,73,218,14,279,118,49,231,108,193,141,178,82,146,163,150,90,237,83,38,49,49,63,94,16,60,81,82,113,454,67,348,198,160,268,273,141,56,157,112,104,179,140,179,204,118,171,104,330,241,168,56,285,253,65,369
83912,100,59,54,121,87,197,73,130,82,383,124,101,127,127,45,10,139,47,136,294,362,130,470,212,262,148,56,196,171,131,203,49,293,99,80,165,111,470,287,216,101,181,211,218,45,189,59,53,52,81,56,66,21,55,194,69,218,303,76,442,118,131,200,138,174,73,74,186,139,147,124,116,202,120,152,168,256,396,205,81,360,278,89,180
83914,83,150,130,297,102,232,60,163,98,352,237,73,94,155,76,5,185,75,222,269,490,134,349,142,126,104,68,216,131,142,187,49,240,144,60,194,150,219,220,109,137,227,340,254,47,195,77,91,105,86,115,58,28,187,209,28,142,253,34,176,102,170,166,96,85,128,81,364,184,186,104,66,194,141,236,137,222,284,108,126,261,177,143,208
83916,82,54,101,160,90,133,46,105,112,302,170,85,90,107,22,9,132,92,173,208,429,132,225,117,289,284,114,226,146,152,155,66,232,123,115,133,175,171,147,97,91,201,293,245,85,181,53,89,102,128,62,63,36,174,248,25,160,172,56,126,131,116,202,70,108,163,60,347,186,197,131,71,179,223,251,143,231,361,67,144,282,142,102,187
83919,102,156,157,107,102,126,45,109,153,308,144,113,193,128,73,16,110,89,144,228,529,127,261,148,332,305,83,180,171,125,174,76,181,120,189,94,188,301,241,140,79,174,270,295,101,163,34,113,155,141,32,47,46,143,288,41,216,148,78,205,116,212,211,45,75,136,98,416,232,149,142,131,230,195,173,100,146,347,82,133,217,238,143,212
83920,196,196,160,215,130,202,53,130,248,383,238,90,192,111,93,24,114,62,198,255,450,138,247,145,372,304,178,230,280,141,189,103,246,154,181,167,198,363,190,117,102,146,235,372,145,169,67,166,220,186,73,89,31,148,168,21,146,181,49,171,75,247,168,57,76,185,82,402,235,127,121,137,174,255,136,139,212,445,94,95,208,228,139,241
83923,150,218,189,94,127,75,14,41,152,267,229,113,427,255,266,84,61,37,80,189,379,82,169,170,331,160,224,157,374,69,109,73,96,85,217,76,542,262,153,48,101,107,229,300,131,76,33,217,272,194,79,27,42,106,106,35,170,172,62,98,134,390,165,46,34,102,70,417,141,75,94,187,292,229,200,227,96,298,65,98,,,,
83927,133,99,111,31,78,80,86,82,103,236,23,14,93,147,139,25,97,17,26,33,119,88,569,335,169,308,136,38,197,4,128,15,151,44,21,95,112,69,79,88,120,63,71,105,75,217,57,186,33,102,44,135,40,37,32,146,118,338,36,335,163,258,155,84,101,26,102,23,42,85,225,90,172,326,198,85,150,83,89,25,223,132,51,473
83932,192,112,54,147,105,185,75,168,109,353,93,132,113,157,86,15,151,57,165,298,438,147,450,120,325,194,49,188,127,107,191,41,271,103,99,131,74,,,,,,,,,,,,,,,,,,,,,,,,,,,,,,,,,,,,,,,,,,,,,,,
83936,96,127,107,132,132,158,177,100,121,255,44,32,162,165,132,26,97,77,91,164,345,109,481,306,406,125,25,117,118,129,238,109,245,49,71,158,127,166,55,165,55,99,163,139,61,185,42,13,69,135,151,109,138,35,70,74,178,255,73,293,145,98,189,147,72,82,113,164,69,109,295,93,132,109,227,105,172,279,255,92,237,257,60,324
83941,45,77,91,87,168,160,73,198,144,310,70,86,270,144,91,24,135,83,98,258,412,145,360,233,296,167,57,142,155,130,213,49,238,49,90,94,175,229,289,158,73,184,340,262,61,102,17,73,65,185,82,75,27,55,190,68,237,163,24,230,114,108,192,114,132,143,98,312,188,128,288,148,,,,,,,,,,,,
83942,75,95,86,79,191,131,72,189,166,276,70,106,243,150,58,43,109,82,105,253,422,146,302,188,306,111,107,150,156,111,225,57,208,73,116,64,202,180,204,156,76,171,300,275,88,114,22,60,252,196,81,94,42,83,204,68,218,205,71,253,132,157,160,93,111,145,82,374,186,141,285,185,163,231,145,111,115,287,166,98,177,209,123,210
83946,106,154,180,160,239,117,60,137,196,241,132,154,174,134,99,53,136,92,126,234,523,129,293,120,226,163,164,162,253,138,160,76,179,79,214,76,239,290,198,139,74,196,305,407,127,166,44,116,236,166,36,73,30,99,255,71,233,213,26,200,107,277,222,68,72,141,121,471,197,137,128,193,153,374,145,144,124,330,108,140,,,,
83948,81,257,87,136,160,104,51,100,197,173,146,25,201,118,112,101,80,40,51,162,440,84,149,107,165,158,163,139,272,72,87,55,124,39,146,72,325,185,129,100,58,168,266,330,94,78,31,163,237,55,12,72,20,67,127,112,199,124,33,234,152,290,241,63,27,102,58,419,141,73,150,80,173,432,268,74,94,197,91,101,123,134,74,95
83953,84,134,28,78,79,113,130,145,91,188,29,61,69,256,70,12,124,22,66,45,269,136,541,219,204,241,59,132,133,34,295,53,183,19,29,56,62,68,83,104,43,118,127,66,119,154,54,45,19,220,58,148,13,78,32,127,156,298,58,180,158,84,74,121,201,43,69,66,120,140,283,8,,,,,,,,,,,,
83954,111,88,80,147,173,131,160,153,167,219,21,166,172,122,64,15,83,42,72,242,336,147,322,130,142,141,116,94,89,180,192,79,228,51,93,79,68,189,215,200,24,110,243,225,62,158,17,70,132,207,102,76,46,27,164,88,254,179,58,209,135,111,100,87,67,108,,,,,,,,,,,,,,,,,,
83961,63,144,75,117,200,142,99,136,178,214,37,112,193,110,86,25,140,46,94,212,368,121,301,146,219,235,152,157,136,131,202,54,246,50,131,88,158,266,154,297,43,133,281,246,71,172,8,73,258,191,106,86,46,37,199,89,249,193,22,267,110,139,150,96,71,97,148,371,171,155,219,,,,,,,,,,,,,
83964,112,101,78,116,138,137,239,139,162,145,16,94,219,192,58,19,147,58,64,185,273,142,515,167,209,107,55,108,125,160,213,86,187,52,58,65,159,218,128,162,45,126,198,163,76,193,47,71,66,164,55,91,54,12,157,109,278,161,74,189,155,133,71,129,152,90,95,182,80,201,198,99,179,202,165,103,110,218,245,132,161,191,129,166
83967,105,72,75,125,221,125,138,122,156,219,22,121,170,111,73,31,106,57,57,265,294,125,288,144,174,111,103,72,120,205,170,96,181,58,72,93,136,119,83,173,50,110,226,182,53,124,14,52,166,139,123,77,36,32,145,94,274,121,26,196,106,113,78,109,65,101,116,247,135,132,185,77,77,148,126,83,71,229,254,129,154,185,102,172
83972,126,149,60,100,225,142,89,180,136,346,28,58,296,128,74,16,138,61,88,247,407,134,349,160,307,204,121,117,153,138,207,54,291,60,115,99,179,171,139,260,34,170,288,281,72,180,17,,,,,,,,,,,,,,,,,,,,,,,,,,,,,,,,,,,,,
83980,34,111,88,101,98,174,123,182,94,99,122,105,110,158,63,1,126,44,59,210,249,140,583,137,213,225,77,81,103,107,261,40,116,30,36,65,73,106,101,110,73,115,127,107,69,115,75,59,21,208,94,110,14,117,69,134,147,238,64,197,176,120,39,130,156,77,54,116,177,233,236,42,267,258,215,62,42,113,272,62,185,276,130,199
83985,70,142,111,31,213,78,63,188,141,48,22,81,246,257,86,2,88,84,43,148,169,87,421,77,114,245,53,79,172,106,207,39,139,33,70,74,59,99,144,100,118,116,71,114,59,91,51,52,84,137,84,53,5,78,113,128,115,106,52,133,111,177,28,147,84,76,57,95,133,215,136,74,183,221,146,101,62,141,207,83,,,,
83995,97,132,73,30,170,63,89,244,118,33,24,42,100,212,104,33,70,119,32,176,138,99,265,87,64,267,32,102,163,90,212,40,119,47,40,37,36,136,407,106,156,134,43,151,60,69,46,41,39,78,118,81,8,74,105,113,138,90,51,136,79,192,27,157,89,119,68,106,112,118,149,52,218,168,184,66,33,149,201,40,107,254,65,150
83997,27,49,98,44,220,89,43,86,38,13,11,96,97,82,154,19,135,59,29,110,65,144,160,99,82,273,134,129,47,65,155,43,137,19,65,26,76,118,74,161,179,118,128,159,62,123,16,48,13,140,64,39,16,120,41,96,31,112,41,188,27,222,52,112,114,33,90,115,224,29,89,60,187,144,101,87,98,126,131,24,193,139,66,114
